{
  "Model": {
    "Name": "Activator-Inhibitor Oscillation",
    "Variables": [
      {
        "Name": "I",
        "Id": 2,
        "RangeFrom": 0,
        "RangeTo": "4",
        "Formula": "2"
      },
      {
        "Name": "O",
        "Id": 3,
        "RangeFrom": 0,
        "RangeTo": "4",
        "Formula": ""
      },
      {
        "Name": "A",
        "Id": 4,
        "RangeFrom": 0,
        "RangeTo": "4",
        "Formula": "floor(5/2)*(var(2)-(floor(3/2*var(6)))+(ceil(2/3*var(8))))"
      },
      {
        "Name": "D",
        "Id": 5,
        "RangeFrom": 0,
        "RangeTo": "4",
        "Formula": ""
      },
      {
        "Name": "E",
        "Id": 6,
        "RangeFrom": 0,
        "RangeTo": "4",
        "Formula": ""
      },
      {
        "Name": "B",
        "Id": 7,
        "RangeFrom": 0,
        "RangeTo": "4",
        "Formula": ""
      },
      {
        "Name": "C",
        "Id": 8,
        "RangeFrom": 0,
        "RangeTo": "4",
        "Formula": ""
      }
    ],
    "Relationships": [
      {
        "Id": 10,
        "FromVariable": 2,
        "ToVariable": 4,
        "Type": "Activator"
      },
      {
        "Id": 11,
        "FromVariable": 4,
        "ToVariable": 3,
        "Type": "Activator"
      },
      {
        "Id": 12,
        "FromVariable": 4,
        "ToVariable": 7,
        "Type": "Activator"
      },
      {
        "Id": 13,
        "FromVariable": 7,
        "ToVariable": 8,
        "Type": "Activator"
      },
      {
        "Id": 14,
        "FromVariable": 8,
        "ToVariable": 4,
        "Type": "Activator"
      },
      {
        "Id": 15,
        "FromVariable": 4,
        "ToVariable": 5,
        "Type": "Activator"
      },
      {
        "Id": 16,
        "FromVariable": 5,
        "ToVariable": 6,
        "Type": "Activator"
      },
      {
        "Id": 17,
        "FromVariable": 6,
        "ToVariable": 4,
        "Type": "Inhibitor"
      }
    ]
  },
  "Layout": {
    "Description": "Activity oscillates in response to negative and positive feedback loops",
    "Variables": [
      {
        "Id": 2,
        "Name": "I",
        "Type": "MembraneReceptor",
        "ContainerId": 1,
        "PositionX": 776.7543859649123,
        "PositionY": 390.1059941520468,
        "CellX": 0,
        "CellY": 0,
        "Angle": 286.9238657746626,
        "Description": "Input"
      },
      {
        "Id": 3,
        "Name": "O",
        "Type": "MembraneReceptor",
        "ContainerId": 1,
        "PositionX": 984.9415204678363,
        "PositionY": 417.5913742690058,
        "CellX": 0,
        "CellY": 0,
        "Angle": 88.74495081336853,
        "Description": "Output"
      },
      {
        "Id": 4,
        "Name": "A",
        "Type": "Default",
        "ContainerId": 1,
        "PositionX": 878.483579787607,
        "PositionY": 401.2181896410811,
        "CellX": 0,
        "CellY": 0,
        "Angle": 0,
        "Description": "Switching the first floor to ceil changes \"offset\" of the oscillation"
      },
      {
        "Id": 5,
        "Name": "D",
        "Type": "Default",
        "ContainerId": 1,
        "PositionX": 832.3309924540237,
        "PositionY": 341.2181896410818,
        "CellX": 0,
        "CellY": 0,
        "Angle": 0,
        "Description": ""
      },
      {
        "Id": 6,
        "Name": "E",
        "Type": "Default",
        "ContainerId": 1,
        "PositionX": 937.7476591206903,
        "PositionY": 356.2181896410818,
        "CellX": 0,
        "CellY": 0,
        "Angle": 0,
        "Description": ""
      },
      {
        "Id": 7,
        "Name": "B",
        "Type": "Default",
        "ContainerId": 1,
        "PositionX": 928.5809924540237,
        "PositionY": 487.05152297441515,
        "CellX": 0,
        "CellY": 0,
        "Angle": 0,
        "Description": ""
      },
      {
        "Id": 8,
        "Name": "C",
        "Type": "Default",
        "ContainerId": 1,
        "PositionX": 816.9143257873569,
        "PositionY": 453.30152297441515,
        "CellX": 0,
        "CellY": 0,
        "Angle": 0,
        "Description": ""
      }
    ],
    "Containers": [
      {
        "Id": 1,
        "Name": "Activator-Inhibitor_Oscillations",
        "Size": 1,
        "PositionX": 3,
        "PositionY": 1
      }
    ]
  },
  "ltl": {
    "states": [
      {
        "_type": "Keyframe",
        "description": "",
        "name": "A",
        "operands": [
          {
            "_type": "KeyframeEquation",
            "leftOperand": {
              "_type": "NameOperand",
              "name": "O",
              "id": 3
            },
            "operator": "=",
            "rightOperand": {
              "_type": "ConstOperand",
              "const": 1
            }
          }
        ]
      }
    ],
    "operations": []
  }
}