{"Model":{"Name":"Hyperbolic D","Variables":[{"Name":"I_d","Id":11,"RangeFrom":0,"RangeTo":4,"Formula":"0"},{"Name":"O_d","Id":12,"RangeFrom":0,"RangeTo":4,"Formula":""},{"Name":"A_d","Id":16,"RangeFrom":0,"RangeTo":4,"Formula":"ceil((3/2)*var(11)) + floor(2/var(11))"}],"Relationships":[{"Id":23,"FromVariable":11,"ToVariable":16,"Type":"Activator"},{"Id":24,"FromVariable":16,"ToVariable":12,"Type":"Activator"}]},"Layout":{"Variables":[{"Id":11,"Name":"I_d","Type":"MembraneReceptor","ContainerId":4,"PositionX":770.2865761689293,"PositionY":1256.410256410255,"CellX":0,"CellY":0,"Angle":271.9634220136458,"Description":"Input"},{"Id":12,"Name":"O_d","Type":"MembraneReceptor","ContainerId":4,"PositionX":983.137254901961,"PositionY":1263.1674208144782,"CellX":0,"CellY":0,"Angle":91.67775639764452,"Description":""},{"Id":16,"Name":"A_d","Type":"Default","ContainerId":4,"PositionX":876.5980923685487,"PositionY":1260.5249721099733,"CellX":0,"CellY":0,"Angle":0,"Description":""}],"Containers":[{"Id":4,"Name":"Hyperbolic_d","Size":1,"PositionX":3,"PositionY":4}]},"ltl":{"states":[],"operations":[]}}