{"Model":{"Name":"Hyperbolic C","Variables":[{"Name":"I_c","Id":9,"RangeFrom":0,"RangeTo":4,"Formula":"0"},{"Name":"O_c","Id":10,"RangeFrom":0,"RangeTo":4,"Formula":""},{"Name":"A_c","Id":15,"RangeFrom":0,"RangeTo":4,"Formula":"ceil((3/2)*var(9)) + ceil(1/var(9))"}],"Relationships":[{"Id":21,"FromVariable":9,"ToVariable":15,"Type":"Activator"},{"Id":22,"FromVariable":15,"ToVariable":10,"Type":"Activator"}]},"Layout":{"Variables":[{"Id":9,"Name":"I_c","Type":"MembraneReceptor","ContainerId":3,"PositionX":777.0437405731521,"PositionY":975.9879336349914,"CellX":0,"CellY":0,"Angle":272.34539435780596,"Description":"Input"},{"Id":10,"Name":"O_c","Type":"MembraneReceptor","ContainerId":3,"PositionX":983.1372549019607,"PositionY":975.9879336349914,"CellX":0,"CellY":0,"Angle":87.87520886537843,"Description":"Output"},{"Id":15,"Name":"A_c","Type":"Default","ContainerId":3,"PositionX":879.5739655247279,"PositionY":979.8176370978251,"CellX":0,"CellY":0,"Angle":0,"Description":""}],"Containers":[{"Id":3,"Name":"Hyperbolic_c","Size":1,"PositionX":3,"PositionY":3}]},"ltl":{"states":[],"operations":[]}}