{
  "Model": {
    "Name": "Oscillatory negative feedback",
    "Variables": [
      {
        "Name": "I_a",
        "Id": 4,
        "RangeFrom": 0,
        "RangeTo": 4,
        "Formula": "2"
      },
      {
        "Name": "O_a",
        "Id": 7,
        "RangeFrom": 0,
        "RangeTo": 4,
        "Formula": ""
      },
      {
        "Name": "A_a",
        "Id": 10,
        "RangeFrom": 0,
        "RangeTo": 4,
        "Formula": ""
      },
      {
        "Name": "B_a",
        "Id": 11,
        "RangeFrom": 0,
        "RangeTo": 4,
        "Formula": ""
      }
    ],
    "Relationships": [
      {
        "Id": 12,
        "FromVariable": 4,
        "ToVariable": 10,
        "Type": "Activator"
      },
      {
        "Id": 13,
        "FromVariable": 10,
        "ToVariable": 7,
        "Type": "Activator"
      },
      {
        "Id": 14,
        "FromVariable": 10,
        "ToVariable": 11,
        "Type": "Activator"
      },
      {
        "Id": 15,
        "FromVariable": 11,
        "ToVariable": 10,
        "Type": "Inhibitor"
      }
    ]
  },
  "Layout": {
    "Description": "Activity oscillates with high input due to negative feedback loop",
    "Variables": [
      {
        "Id": 4,
        "Name": "I_a",
        "Type": "MembraneReceptor",
        "ContainerId": 1,
        "PositionX": 776.1990950226249,
        "PositionY": 409.2307692307686,
        "CellX": 0,
        "CellY": 0,
        "Angle": 276.22064266729217,
        "Description": "Input"
      },
      {
        "Id": 7,
        "Name": "O_a",
        "Type": "MembraneReceptor",
        "ContainerId": 1,
        "PositionX": 985.248868778281,
        "PositionY": 409.2307692307686,
        "CellX": 0,
        "CellY": 0,
        "Angle": 84.42098455025126,
        "Description": "Output"
      },
      {
        "Id": 10,
        "Name": "A_a",
        "Type": "Default",
        "ContainerId": 1,
        "PositionX": 881.083032490975,
        "PositionY": 411.4079422382669,
        "CellX": 0,
        "CellY": 0,
        "Angle": 0,
        "Description": ""
      },
      {
        "Id": 11,
        "Name": "B_a",
        "Type": "Default",
        "ContainerId": 1,
        "PositionX": 875.0180505415166,
        "PositionY": 338.6281588447651,
        "CellX": 0,
        "CellY": 0,
        "Angle": 0,
        "Description": ""
      }
    ],
    "Containers": [
      {
        "Id": 1,
        "Name": "Negative_Feeback_OneNode",
        "Size": 1,
        "PositionX": 3,
        "PositionY": 1
      }
    ]
  },
  "ltl": {
    "states": [],
    "operations": []
  }
}