{"Model":{"Name":"Negative Feedback Oscillations 3","Variables":[{"Name":"I_c","Id":6,"RangeFrom":0,"RangeTo":4,"Formula":"2"},{"Name":"O_c","Id":9,"RangeFrom":0,"RangeTo":4,"Formula":""},{"Name":"A_c","Id":24,"RangeFrom":0,"RangeTo":4,"Formula":""},{"Name":"B_c","Id":25,"RangeFrom":0,"RangeTo":4,"Formula":""},{"Name":"C_c","Id":26,"RangeFrom":0,"RangeTo":4,"Formula":""},{"Name":"D_c","Id":27,"RangeFrom":0,"RangeTo":4,"Formula":""}],"Relationships":[{"Id":28,"FromVariable":6,"ToVariable":24,"Type":"Activator"},{"Id":29,"FromVariable":24,"ToVariable":25,"Type":"Activator"},{"Id":30,"FromVariable":25,"ToVariable":26,"Type":"Activator"},{"Id":31,"FromVariable":26,"ToVariable":27,"Type":"Activator"},{"Id":32,"FromVariable":24,"ToVariable":9,"Type":"Activator"},{"Id":33,"FromVariable":27,"ToVariable":24,"Type":"Inhibitor"}]},"Layout":{"Variables":[{"Id":6,"Name":"I_c","Type":"MembraneReceptor","ContainerId":3,"PositionX":768.5972850678737,"PositionY":984.4343891402709,"CellX":0,"CellY":0,"Angle":267.61354923225423,"Description":"Input"},{"Id":9,"Name":"O_c","Type":"MembraneReceptor","ContainerId":3,"PositionX":983.9819004524891,"PositionY":981.9004524886873,"CellX":0,"CellY":0,"Angle":90.99903627122696,"Description":"Output"},{"Id":24,"Name":"A_c","Type":"Default","ContainerId":3,"PositionX":878.050541516246,"PositionY":992.6353790613715,"CellX":0,"CellY":0,"Angle":0,"Description":""},{"Id":25,"Name":"B_c","Type":"Default","ContainerId":3,"PositionX":818.4115523465708,"PositionY":931.9855595667867,"CellX":0,"CellY":0,"Angle":0,"Description":""},{"Id":26,"Name":"C_c","Type":"Default","ContainerId":3,"PositionX":880.0722021660654,"PositionY":892.5631768953066,"CellX":0,"CellY":0,"Angle":0,"Description":""},{"Id":27,"Name":"D_c","Type":"Default","ContainerId":3,"PositionX":939.7111913357405,"PositionY":929.9638989169672,"CellX":0,"CellY":0,"Angle":0,"Description":""}],"Containers":[{"Id":3,"Name":"Negative_Feedback_ThreeNodes","Size":1,"PositionX":3,"PositionY":3}]},"ltl":{"states":[],"operations":[]}}