{
  "Model": {
    "Name": "Perfect Adaptation",
    "Variables": [
      {
        "Name": "A",
        "Id": 12,
        "RangeFrom": 0,
        "RangeTo": 4,
        "Formula": ""
      },
      {
        "Name": "B",
        "Id": 13,
        "RangeFrom": 0,
        "RangeTo": "16",
        "Formula": ""
      },
      {
        "Name": "C",
        "Id": 14,
        "RangeFrom": 0,
        "RangeTo": "4",
        "Formula": "(4-floor(var(13)))*(var(12)-floor(var(13)))"
      },
      {
        "Name": "I_a",
        "Id": 15,
        "RangeFrom": 0,
        "RangeTo": "4",
        "Formula": ""
      },
      {
        "Name": "O_a",
        "Id": 16,
        "RangeFrom": 0,
        "RangeTo": 4,
        "Formula": ""
      }
    ],
    "Relationships": [
      {
        "Id": 17,
        "FromVariable": 15,
        "ToVariable": 12,
        "Type": "Activator"
      },
      {
        "Id": 18,
        "FromVariable": 12,
        "ToVariable": 14,
        "Type": "Activator"
      },
      {
        "Id": 19,
        "FromVariable": 12,
        "ToVariable": 13,
        "Type": "Activator"
      },
      {
        "Id": 20,
        "FromVariable": 14,
        "ToVariable": 16,
        "Type": "Activator"
      },
      {
        "Id": 32,
        "FromVariable": 13,
        "ToVariable": 14,
        "Type": "Inhibitor"
      }
    ]
  },
  "Layout": {
    "Description": "Activity modulated by a negative feed forward loop",
    "Variables": [
      {
        "Id": 12,
        "Name": "A",
        "Type": "Default",
        "ContainerId": 11,
        "PositionX": 1088.4873056375172,
        "PositionY": 405.1975127457335,
        "CellX": 0,
        "CellY": 0,
        "Angle": 0,
        "Description": ""
      },
      {
        "Id": 13,
        "Name": "B",
        "Type": "Default",
        "ContainerId": 11,
        "PositionX": 1151.3694017073863,
        "PositionY": 352.2135243905661,
        "CellX": 0,
        "CellY": 0,
        "Angle": 0,
        "Description": ""
      },
      {
        "Id": 14,
        "Name": "C",
        "Type": "Default",
        "ContainerId": 11,
        "PositionX": 1164.4341605199022,
        "PositionY": 431.1885565906106,
        "CellX": 0,
        "CellY": 0,
        "Angle": 0,
        "Description": ""
      },
      {
        "Id": 15,
        "Name": "I_a",
        "Type": "MembraneReceptor",
        "ContainerId": 11,
        "PositionX": 1023.6651583710405,
        "PositionY": 402.473604826546,
        "CellX": 0,
        "CellY": 0,
        "Angle": 279.81253316997356,
        "Description": "Input"
      },
      {
        "Id": 16,
        "Name": "O_a",
        "Type": "MembraneReceptor",
        "ContainerId": 11,
        "PositionX": 1234.8265460030166,
        "PositionY": 423.5897435897436,
        "CellX": 0,
        "CellY": 0,
        "Angle": 91.87207889884128,
        "Description": "Output"
      }
    ],
    "Containers": [
      {
        "Id": 11,
        "Name": "PerfectAdaptation",
        "Size": 1,
        "PositionX": 4,
        "PositionY": 1
      }
    ]
  },
  "ltl": {
    "states": [
      {
        "_type": "Keyframe",
        "description": "",
        "name": "A",
        "operands": [
          {
            "_type": "KeyframeEquation",
            "leftOperand": {
              "_type": "NameOperand",
              "name": "I_a",
              "id": 15
            },
            "operator": "=",
            "rightOperand": {
              "_type": "ConstOperand",
              "const": 0
            }
          }
        ]
      },
      {
        "_type": "Keyframe",
        "description": "",
        "name": "B",
        "operands": [
          {
            "_type": "KeyframeEquation",
            "leftOperand": {
              "_type": "NameOperand",
              "name": "I_a",
              "id": 15
            },
            "operator": "=",
            "rightOperand": {
              "_type": "ConstOperand",
              "const": 1
            }
          }
        ]
      },
      {
        "_type": "Keyframe",
        "description": "",
        "name": "C",
        "operands": [
          {
            "_type": "KeyframeEquation",
            "leftOperand": {
              "_type": "NameOperand",
              "name": "I_a",
              "id": 15
            },
            "operator": "=",
            "rightOperand": {
              "_type": "ConstOperand",
              "const": 2
            }
          }
        ]
      },
      {
        "_type": "Keyframe",
        "description": "",
        "name": "D",
        "operands": [
          {
            "_type": "KeyframeEquation",
            "leftOperand": {
              "_type": "NameOperand",
              "name": "I_a",
              "id": 15
            },
            "operator": "=",
            "rightOperand": {
              "_type": "ConstOperand",
              "const": 3
            }
          }
        ]
      },
      {
        "_type": "Keyframe",
        "description": "",
        "name": "E",
        "operands": [
          {
            "_type": "KeyframeEquation",
            "leftOperand": {
              "_type": "NameOperand",
              "name": "I_a",
              "id": 15
            },
            "operator": "=",
            "rightOperand": {
              "_type": "ConstOperand",
              "const": 4
            }
          }
        ]
      }
    ],
    "operations": []
  }
}