{"Model":{"Name":"Sigmoidal B","Variables":[{"Name":"I_b","Id":2,"RangeFrom":0,"RangeTo":4,"Formula":"0"},{"Name":"O_b","Id":3,"RangeFrom":0,"RangeTo":4,"Formula":""},{"Name":"A_b","Id":4,"RangeFrom":0,"RangeTo":4,"Formula":"2*(var(2)-1)"}],"Relationships":[{"Id":5,"FromVariable":2,"ToVariable":4,"Type":"Activator"},{"Id":6,"FromVariable":4,"ToVariable":3,"Type":"Activator"}]},"Layout":{"Variables":[{"Id":2,"Name":"I_b","Type":"MembraneReceptor","ContainerId":1,"PositionX":772.398190045249,"PositionY":675.2941176470586,"CellX":0,"CellY":0,"Angle":283.53873126447047,"Description":"Input"},{"Id":3,"Name":"O_b","Type":"MembraneReceptor","ContainerId":1,"PositionX":982.714932126697,"PositionY":680.361990950226,"CellX":0,"CellY":0,"Angle":79.66762123129706,"Description":"Output"},{"Id":4,"Name":"A_b","Type":"Default","ContainerId":1,"PositionX":881.3906058980955,"PositionY":679.8522218186024,"CellX":0,"CellY":0,"Angle":0,"Description":"Where (var(I_b)-1 = 1) is the switch point, and the start term (2) is the value for the switch"}],"Containers":[{"Id":1,"Name":"Sigmoidal_b","Size":1,"PositionX":3,"PositionY":2}]},"ltl":{"states":[],"operations":[]}}