{
  "Model": {
    "Name": "Substrate depletion oscillations",
    "Variables": [
      {
        "Name": "I",
        "Id": 2,
        "RangeFrom": 0,
        "RangeTo": "10",
        "Formula": "4"
      },
      {
        "Name": "O",
        "Id": 3,
        "RangeFrom": 0,
        "RangeTo": "10",
        "Formula": ""
      },
      {
        "Name": "A",
        "Id": 4,
        "RangeFrom": 0,
        "RangeTo": "10",
        "Formula": "1+(floor(var(2)/4))*((6/2)*var(2)-(3/2)*var(5))"
      },
      {
        "Name": "B",
        "Id": 5,
        "RangeFrom": 0,
        "RangeTo": "10",
        "Formula": ""
      }
    ],
    "Relationships": [
      {
        "Id": 6,
        "FromVariable": 2,
        "ToVariable": 4,
        "Type": "Activator"
      },
      {
        "Id": 7,
        "FromVariable": 5,
        "ToVariable": 3,
        "Type": "Activator"
      },
      {
        "Id": 8,
        "FromVariable": 4,
        "ToVariable": 5,
        "Type": "Activator"
      },
      {
        "Id": 9,
        "FromVariable": 5,
        "ToVariable": 4,
        "Type": "Inhibitor"
      }
    ]
  },
  "Layout": {
    "Description": "Depletion of substrate leads to oscillations in activity",
    "Variables": [
      {
        "Id": 2,
        "Name": "I",
        "Type": "MembraneReceptor",
        "ContainerId": 1,
        "PositionX": 775.5847953216374,
        "PositionY": 385.42763157894734,
        "CellX": 0,
        "CellY": 0,
        "Angle": 289.17549481194226,
        "Description": "Input"
      },
      {
        "Id": 3,
        "Name": "O",
        "Type": "MembraneReceptor",
        "ContainerId": 1,
        "PositionX": 983.7719298245614,
        "PositionY": 419.93055555555554,
        "CellX": 0,
        "CellY": 0,
        "Angle": 89.96342003821104,
        "Description": "Output"
      },
      {
        "Id": 4,
        "Name": "A",
        "Type": "Default",
        "ContainerId": 1,
        "PositionX": 842.0833333333336,
        "PositionY": 399.11458333333286,
        "CellX": 0,
        "CellY": 0,
        "Angle": 0,
        "Description": "floor(var(I)/X is where the oscillations start ;; *((Y/2) is the highest oscillation point, (Z/2) is the lowest"
      },
      {
        "Id": 5,
        "Name": "B",
        "Type": "Default",
        "ContainerId": 1,
        "PositionX": 926.4619883040936,
        "PositionY": 410.57383040935673,
        "CellX": 0,
        "CellY": 0,
        "Angle": 0,
        "Description": ""
      }
    ],
    "Containers": [
      {
        "Id": 1,
        "Name": "Substrate_Depletion_Oscillations",
        "Size": 1,
        "PositionX": 3,
        "PositionY": 1
      }
    ]
  },
  "ltl": {
    "states": [],
    "operations": []
  }
}