{"model":{"name":"Skin1D","variables":[{"id":41,"containerId":0,"type":"Constant","rangeFrom":0,"rangeTo":4,"formula":"","name":"Wnt-ext"},{"id":42,"containerId":0,"type":"Constant","rangeFrom":0,"rangeTo":4,"formula":"","name":"Wnt-ext"},{"id":43,"containerId":0,"type":"Constant","rangeFrom":0,"rangeTo":4,"formula":"","name":"Ligand-in"},{"id":44,"containerId":0,"type":"Constant","rangeFrom":0,"rangeTo":4,"formula":"","name":"Ligand-in"},{"id":45,"containerId":0,"type":"Constant","rangeFrom":0,"rangeTo":4,"formula":"","name":"Ligand-in"},{"id":72,"containerId":0,"type":"Constant","rangeFrom":0,"rangeTo":4,"formula":"","name":"Wnt-ext"},{"id":73,"containerId":0,"type":"Constant","rangeFrom":0,"rangeTo":4,"formula":"","name":"Wnt-ext"},{"id":74,"containerId":0,"type":"Constant","rangeFrom":0,"rangeTo":4,"formula":"","name":"Ligand-in"},{"id":75,"containerId":0,"type":"Constant","rangeFrom":0,"rangeTo":4,"formula":"","name":"Wnt-ext"},{"id":76,"containerId":0,"type":"Constant","rangeFrom":0,"rangeTo":4,"formula":"","name":"Ligand-in"},{"id":1,"containerId":1,"type":"Default","rangeFrom":0,"rangeTo":4,"formula":"","name":"DSH"},{"id":2,"containerId":1,"type":"Default","rangeFrom":0,"rangeTo":4,"formula":"","name":"Axin"},{"id":3,"containerId":1,"type":"Default","rangeFrom":0,"rangeTo":4,"formula":"","name":"B-Cat"},{"id":4,"containerId":1,"type":"Default","rangeFrom":0,"rangeTo":4,"formula":"","name":"GT1"},{"id":5,"containerId":1,"type":"Default","rangeFrom":0,"rangeTo":4,"formula":"min(var(Notch), var(Ligand-in))","name":"Notch-IC"},{"id":6,"containerId":1,"type":"Default","rangeFrom":0,"rangeTo":4,"formula":"","name":"P21"},{"id":7,"containerId":1,"type":"Default","rangeFrom":0,"rangeTo":4,"formula":"","name":"Wnt"},{"id":8,"containerId":1,"type":"Default","rangeFrom":0,"rangeTo":4,"formula":"","name":"Cask1a"},{"id":9,"containerId":1,"type":"Default","rangeFrom":0,"rangeTo":4,"formula":"","name":"BCat exp"},{"id":10,"containerId":1,"type":"MembraneReceptor","rangeFrom":0,"rangeTo":4,"formula":"","name":"Frizzled"},{"id":11,"containerId":1,"type":"MembraneReceptor","rangeFrom":0,"rangeTo":4,"formula":"","name":"Jagged"},{"id":12,"containerId":1,"type":"MembraneReceptor","rangeFrom":0,"rangeTo":4,"formula":"","name":"Notch"},{"id":13,"containerId":1,"type":"Default","rangeFrom":0,"rangeTo":4,"formula":"","name":"GT2"},{"id":14,"containerId":2,"type":"Default","rangeFrom":0,"rangeTo":4,"formula":"","name":"DSH"},{"id":15,"containerId":2,"type":"Default","rangeFrom":0,"rangeTo":4,"formula":"","name":"Axin"},{"id":16,"containerId":2,"type":"Default","rangeFrom":0,"rangeTo":4,"formula":"","name":"B-Cat"},{"id":17,"containerId":2,"type":"Default","rangeFrom":0,"rangeTo":4,"formula":"","name":"GT1"},{"id":18,"containerId":2,"type":"Default","rangeFrom":0,"rangeTo":4,"formula":"min(var(Notch), var(Ligand-in))","name":"Notch-IC"},{"id":19,"containerId":2,"type":"Default","rangeFrom":0,"rangeTo":4,"formula":"","name":"P21"},{"id":20,"containerId":2,"type":"Default","rangeFrom":0,"rangeTo":4,"formula":"","name":"Wnt"},{"id":21,"containerId":2,"type":"Default","rangeFrom":0,"rangeTo":4,"formula":"","name":"GT2"},{"id":22,"containerId":2,"type":"Default","rangeFrom":0,"rangeTo":4,"formula":"","name":"Cask1a"},{"id":23,"containerId":2,"type":"Default","rangeFrom":0,"rangeTo":4,"formula":"","name":"bCATexp"},{"id":24,"containerId":2,"type":"MembraneReceptor","rangeFrom":0,"rangeTo":4,"formula":"","name":"Frizzled"},{"id":25,"containerId":2,"type":"MembraneReceptor","rangeFrom":0,"rangeTo":4,"formula":"","name":"Jagged"},{"id":26,"containerId":2,"type":"MembraneReceptor","rangeFrom":0,"rangeTo":4,"formula":"","name":"Notch"},{"id":27,"containerId":3,"type":"Default","rangeFrom":0,"rangeTo":4,"formula":"","name":"DSH"},{"id":28,"containerId":3,"type":"Default","rangeFrom":0,"rangeTo":4,"formula":"","name":"Axin"},{"id":29,"containerId":3,"type":"Default","rangeFrom":0,"rangeTo":4,"formula":"","name":"B-Cat"},{"id":30,"containerId":3,"type":"Default","rangeFrom":0,"rangeTo":4,"formula":"","name":"GT1"},{"id":31,"containerId":3,"type":"Default","rangeFrom":0,"rangeTo":4,"formula":"min(var(Notch), var(Ligand-in))","name":"Notch-IC"},{"id":32,"containerId":3,"type":"Default","rangeFrom":0,"rangeTo":4,"formula":"","name":"P21"},{"id":33,"containerId":3,"type":"Default","rangeFrom":0,"rangeTo":4,"formula":"","name":"Wnt"},{"id":34,"containerId":3,"type":"Default","rangeFrom":0,"rangeTo":4,"formula":"","name":"GT2"},{"id":35,"containerId":3,"type":"Default","rangeFrom":0,"rangeTo":4,"formula":"","name":"Cask1a"},{"id":36,"containerId":3,"type":"Default","rangeFrom":0,"rangeTo":4,"formula":"","name":"BCat exp"},{"id":37,"containerId":3,"type":"MembraneReceptor","rangeFrom":0,"rangeTo":4,"formula":"","name":"Frizzled"},{"id":38,"containerId":3,"type":"MembraneReceptor","rangeFrom":0,"rangeTo":4,"formula":"","name":"Notch"},{"id":39,"containerId":3,"type":"MembraneReceptor","rangeFrom":0,"rangeTo":4,"formula":"","name":"Jagged"},{"id":77,"containerId":16,"type":"Default","rangeFrom":0,"rangeTo":4,"formula":"","name":"DSH"},{"id":78,"containerId":16,"type":"Default","rangeFrom":0,"rangeTo":4,"formula":"","name":"Axin"},{"id":79,"containerId":16,"type":"Default","rangeFrom":0,"rangeTo":4,"formula":"","name":"B-Cat"},{"id":80,"containerId":16,"type":"Default","rangeFrom":0,"rangeTo":4,"formula":"","name":"GT1"},{"id":81,"containerId":16,"type":"Default","rangeFrom":0,"rangeTo":4,"formula":"min(var(Notch), var(Ligand-in))","name":"Notch-IC"},{"id":82,"containerId":16,"type":"Default","rangeFrom":0,"rangeTo":4,"formula":"","name":"P21"},{"id":83,"containerId":16,"type":"Default","rangeFrom":0,"rangeTo":4,"formula":"","name":"Wnt"},{"id":84,"containerId":16,"type":"Default","rangeFrom":0,"rangeTo":4,"formula":"","name":"Cask1a"},{"id":85,"containerId":16,"type":"Default","rangeFrom":0,"rangeTo":4,"formula":"","name":"BCat exp"},{"id":86,"containerId":16,"type":"MembraneReceptor","rangeFrom":0,"rangeTo":4,"formula":"","name":"Frizzled"},{"id":87,"containerId":16,"type":"MembraneReceptor","rangeFrom":0,"rangeTo":4,"formula":"","name":"Jagged"},{"id":88,"containerId":16,"type":"MembraneReceptor","rangeFrom":0,"rangeTo":4,"formula":"","name":"Notch"},{"id":89,"containerId":16,"type":"Default","rangeFrom":0,"rangeTo":4,"formula":"","name":"GT2"},{"id":90,"containerId":17,"type":"Default","rangeFrom":0,"rangeTo":4,"formula":"","name":"DSH"},{"id":91,"containerId":17,"type":"Default","rangeFrom":0,"rangeTo":4,"formula":"","name":"Axin"},{"id":92,"containerId":17,"type":"Default","rangeFrom":0,"rangeTo":4,"formula":"","name":"B-Cat"},{"id":93,"containerId":17,"type":"Default","rangeFrom":0,"rangeTo":4,"formula":"","name":"GT1"},{"id":94,"containerId":17,"type":"Default","rangeFrom":0,"rangeTo":4,"formula":"min(var(Notch), var(Ligand-in))","name":"Notch-IC"},{"id":95,"containerId":17,"type":"Default","rangeFrom":0,"rangeTo":4,"formula":"","name":"P21"},{"id":96,"containerId":17,"type":"Default","rangeFrom":0,"rangeTo":4,"formula":"","name":"Wnt"},{"id":97,"containerId":17,"type":"Default","rangeFrom":0,"rangeTo":4,"formula":"","name":"GT2"},{"id":98,"containerId":17,"type":"Default","rangeFrom":0,"rangeTo":4,"formula":"","name":"Cask1a"},{"id":99,"containerId":17,"type":"Default","rangeFrom":0,"rangeTo":4,"formula":"","name":"BCat exp"},{"id":100,"containerId":17,"type":"MembraneReceptor","rangeFrom":0,"rangeTo":4,"formula":"","name":"Frizzled"},{"id":101,"containerId":17,"type":"MembraneReceptor","rangeFrom":0,"rangeTo":4,"formula":"","name":"Notch"},{"id":102,"containerId":17,"type":"MembraneReceptor","rangeFrom":0,"rangeTo":4,"formula":"","name":"Jagged"}],"relationships":[{"id":37,"fromVariableId":7,"toVariableId":41,"type":"Activator"},{"id":38,"fromVariableId":20,"toVariableId":42,"type":"Activator"},{"id":39,"fromVariableId":33,"toVariableId":41,"type":"Activator"},{"id":104,"fromVariableId":96,"toVariableId":42,"type":"Activator"},{"id":107,"fromVariableId":74,"toVariableId":81,"type":"Activator"},{"id":108,"fromVariableId":45,"toVariableId":5,"type":"Activator"},{"id":109,"fromVariableId":44,"toVariableId":18,"type":"Activator"},{"id":110,"fromVariableId":43,"toVariableId":31,"type":"Activator"},{"id":111,"fromVariableId":76,"toVariableId":94,"type":"Activator"},{"id":1,"fromVariableId":1,"toVariableId":2,"type":"Inhibitor"},{"id":2,"fromVariableId":2,"toVariableId":3,"type":"Inhibitor"},{"id":3,"fromVariableId":3,"toVariableId":4,"type":"Activator"},{"id":4,"fromVariableId":5,"toVariableId":6,"type":"Activator"},{"id":5,"fromVariableId":6,"toVariableId":7,"type":"Inhibitor"},{"id":6,"fromVariableId":8,"toVariableId":2,"type":"Activator"},{"id":7,"fromVariableId":9,"toVariableId":3,"type":"Activator"},{"id":10,"fromVariableId":5,"toVariableId":13,"type":"Activator"},{"id":11,"fromVariableId":14,"toVariableId":15,"type":"Inhibitor"},{"id":12,"fromVariableId":15,"toVariableId":16,"type":"Inhibitor"},{"id":13,"fromVariableId":16,"toVariableId":17,"type":"Activator"},{"id":14,"fromVariableId":18,"toVariableId":19,"type":"Activator"},{"id":15,"fromVariableId":19,"toVariableId":20,"type":"Inhibitor"},{"id":16,"fromVariableId":18,"toVariableId":21,"type":"Activator"},{"id":17,"fromVariableId":22,"toVariableId":15,"type":"Activator"},{"id":18,"fromVariableId":23,"toVariableId":16,"type":"Activator"},{"id":22,"fromVariableId":27,"toVariableId":28,"type":"Inhibitor"},{"id":23,"fromVariableId":28,"toVariableId":29,"type":"Inhibitor"},{"id":24,"fromVariableId":29,"toVariableId":30,"type":"Activator"},{"id":25,"fromVariableId":31,"toVariableId":32,"type":"Activator"},{"id":26,"fromVariableId":32,"toVariableId":33,"type":"Inhibitor"},{"id":27,"fromVariableId":31,"toVariableId":34,"type":"Activator"},{"id":28,"fromVariableId":35,"toVariableId":28,"type":"Activator"},{"id":29,"fromVariableId":36,"toVariableId":29,"type":"Activator"},{"id":58,"fromVariableId":77,"toVariableId":78,"type":"Inhibitor"},{"id":59,"fromVariableId":78,"toVariableId":79,"type":"Inhibitor"},{"id":60,"fromVariableId":79,"toVariableId":80,"type":"Activator"},{"id":61,"fromVariableId":81,"toVariableId":82,"type":"Activator"},{"id":62,"fromVariableId":82,"toVariableId":83,"type":"Inhibitor"},{"id":63,"fromVariableId":84,"toVariableId":78,"type":"Activator"},{"id":64,"fromVariableId":85,"toVariableId":79,"type":"Activator"},{"id":67,"fromVariableId":81,"toVariableId":89,"type":"Activator"},{"id":90,"fromVariableId":90,"toVariableId":91,"type":"Inhibitor"},{"id":91,"fromVariableId":91,"toVariableId":92,"type":"Inhibitor"},{"id":92,"fromVariableId":92,"toVariableId":93,"type":"Activator"},{"id":93,"fromVariableId":94,"toVariableId":95,"type":"Activator"},{"id":94,"fromVariableId":95,"toVariableId":96,"type":"Inhibitor"},{"id":95,"fromVariableId":94,"toVariableId":97,"type":"Activator"},{"id":96,"fromVariableId":98,"toVariableId":91,"type":"Activator"},{"id":97,"fromVariableId":99,"toVariableId":92,"type":"Activator"},{"id":68,"fromVariableId":72,"toVariableId":10,"type":"Activator"},{"id":72,"fromVariableId":10,"toVariableId":73,"type":"Activator"},{"id":8,"fromVariableId":10,"toVariableId":1,"type":"Activator"},{"id":42,"fromVariableId":11,"toVariableId":44,"type":"Activator"},{"id":78,"fromVariableId":11,"toVariableId":74,"type":"Activator"},{"id":9,"fromVariableId":13,"toVariableId":11,"type":"Activator"},{"id":84,"fromVariableId":4,"toVariableId":11,"type":"Activator"},{"id":41,"fromVariableId":45,"toVariableId":12,"type":"Activator"},{"id":87,"fromVariableId":12,"toVariableId":5,"type":"Activator"},{"id":34,"fromVariableId":41,"toVariableId":24,"type":"Activator"},{"id":69,"fromVariableId":24,"toVariableId":72,"type":"Activator"},{"id":19,"fromVariableId":24,"toVariableId":14,"type":"Activator"},{"id":43,"fromVariableId":25,"toVariableId":45,"type":"Activator"},{"id":44,"fromVariableId":25,"toVariableId":43,"type":"Activator"},{"id":20,"fromVariableId":21,"toVariableId":25,"type":"Activator"},{"id":85,"fromVariableId":17,"toVariableId":25,"type":"Activator"},{"id":46,"fromVariableId":44,"toVariableId":26,"type":"Activator"},{"id":21,"fromVariableId":26,"toVariableId":18,"type":"Activator"},{"id":88,"fromVariableId":26,"toVariableId":18,"type":"Activator"},{"id":35,"fromVariableId":42,"toVariableId":37,"type":"Activator"},{"id":75,"fromVariableId":37,"toVariableId":75,"type":"Activator"},{"id":30,"fromVariableId":37,"toVariableId":27,"type":"Activator"},{"id":40,"fromVariableId":43,"toVariableId":38,"type":"Activator"},{"id":31,"fromVariableId":38,"toVariableId":31,"type":"Activator"},{"id":89,"fromVariableId":38,"toVariableId":31,"type":"Activator"},{"id":45,"fromVariableId":39,"toVariableId":44,"type":"Activator"},{"id":81,"fromVariableId":39,"toVariableId":76,"type":"Activator"},{"id":32,"fromVariableId":34,"toVariableId":39,"type":"Activator"},{"id":86,"fromVariableId":30,"toVariableId":39,"type":"Activator"},{"id":70,"fromVariableId":86,"toVariableId":72,"type":"Activator"},{"id":71,"fromVariableId":73,"toVariableId":86,"type":"Activator"},{"id":65,"fromVariableId":86,"toVariableId":77,"type":"Activator"},{"id":77,"fromVariableId":87,"toVariableId":45,"type":"Activator"},{"id":66,"fromVariableId":89,"toVariableId":87,"type":"Activator"},{"id":83,"fromVariableId":80,"toVariableId":87,"type":"Activator"},{"id":76,"fromVariableId":74,"toVariableId":88,"type":"Activator"},{"id":82,"fromVariableId":88,"toVariableId":81,"type":"Activator"},{"id":103,"fromVariableId":75,"toVariableId":100,"type":"Activator"},{"id":98,"fromVariableId":100,"toVariableId":90,"type":"Activator"},{"id":105,"fromVariableId":76,"toVariableId":101,"type":"Activator"},{"id":99,"fromVariableId":101,"toVariableId":94,"type":"Activator"},{"id":102,"fromVariableId":101,"toVariableId":94,"type":"Activator"},{"id":106,"fromVariableId":102,"toVariableId":43,"type":"Activator"},{"id":100,"fromVariableId":97,"toVariableId":102,"type":"Activator"},{"id":101,"fromVariableId":93,"toVariableId":102,"type":"Activator"}]},"layout":{"containers":[{"id":1,"name":"","size":1,"positionX":2,"positionY":2},{"id":2,"name":"","size":1,"positionX":3,"positionY":2},{"id":3,"name":"","size":1,"positionX":4,"positionY":2},{"id":16,"name":"","size":1,"positionX":1,"positionY":2},{"id":17,"name":"","size":1,"positionX":5,"positionY":2}],"variables":[{"id":41,"positionX":880.7,"positionY":422.62857142857143,"cellX":null,"cellY":null,"angle":0},{"id":42,"positionX":1130.7,"positionY":422.62857142857143,"cellX":null,"cellY":null,"angle":0},{"id":43,"positionX":1130.7,"positionY":982.6285714285714,"cellX":null,"cellY":null,"angle":0},{"id":44,"positionX":880.7,"positionY":982.6285714285714,"cellX":null,"cellY":null,"angle":0},{"id":45,"positionX":630.7,"positionY":982.6285714285714,"cellX":null,"cellY":null,"angle":0},{"id":72,"positionX":630.7,"positionY":422.62857142857143,"cellX":null,"cellY":null,"angle":0},{"id":73,"positionX":380.7,"positionY":422.62857142857143,"cellX":null,"cellY":null,"angle":0},{"id":74,"positionX":380.7,"positionY":982.6285714285714,"cellX":null,"cellY":null,"angle":0},{"id":75,"positionX":1380.7,"positionY":422.62857142857143,"cellX":null,"cellY":null,"angle":0},{"id":76,"positionX":1380.7,"positionY":982.6285714285714,"cellX":null,"cellY":null,"angle":0},{"id":1,"positionX":595.8666666666667,"positionY":606.0285714285715,"cellX":null,"cellY":null,"angle":0},{"id":2,"positionX":595.8666666666667,"positionY":655.3142857142857,"cellX":null,"cellY":null,"angle":0},{"id":3,"positionX":595.8666666666667,"positionY":704.6,"cellX":null,"cellY":null,"angle":0},{"id":4,"positionX":595.8666666666667,"positionY":753.8857142857142,"cellX":null,"cellY":null,"angle":0},{"id":5,"positionX":678.2,"positionY":755.2,"cellX":null,"cellY":null,"angle":0},{"id":6,"positionX":678.2,"positionY":705.9142857142857,"cellX":null,"cellY":null,"angle":0},{"id":7,"positionX":678.2,"positionY":656.6285714285714,"cellX":null,"cellY":null,"angle":0},{"id":8,"positionX":630.7,"positionY":656.6285714285714,"cellX":null,"cellY":null,"angle":0},{"id":9,"positionX":630.7,"positionY":705.9142857142857,"cellX":null,"cellY":null,"angle":0},{"id":10,"positionX":628.7883124043155,"positionY":573.0092058603041,"cellX":null,"cellY":null,"angle":0},{"id":11,"positionX":628.9864786101007,"positionY":826.9877441200224,"cellX":null,"cellY":null,"angle":180},{"id":12,"positionX":701.9084022973556,"positionY":791.2644136567176,"cellX":null,"cellY":null,"angle":135},{"id":13,"positionX":630.7,"positionY":755.2,"cellX":null,"cellY":null,"angle":0},{"id":14,"positionX":845.8666666666667,"positionY":606.0285714285715,"cellX":null,"cellY":null,"angle":0},{"id":15,"positionX":845.8666666666667,"positionY":655.3142857142857,"cellX":null,"cellY":null,"angle":0},{"id":16,"positionX":845.8666666666667,"positionY":704.6,"cellX":null,"cellY":null,"angle":0},{"id":17,"positionX":845.8666666666667,"positionY":753.8857142857142,"cellX":null,"cellY":null,"angle":0},{"id":18,"positionX":928.2,"positionY":755.2,"cellX":null,"cellY":null,"angle":0},{"id":19,"positionX":928.2,"positionY":705.9142857142857,"cellX":null,"cellY":null,"angle":0},{"id":20,"positionX":928.2,"positionY":656.6285714285714,"cellX":null,"cellY":null,"angle":0},{"id":21,"positionX":880.7,"positionY":755.2,"cellX":null,"cellY":null,"angle":0},{"id":22,"positionX":880.7,"positionY":656.6285714285714,"cellX":null,"cellY":null,"angle":0},{"id":23,"positionX":880.7,"positionY":705.9142857142857,"cellX":null,"cellY":null,"angle":0},{"id":24,"positionX":878.7883124044147,"positionY":573.0092058505688,"cellX":null,"cellY":null,"angle":0},{"id":25,"positionX":878.9864786100244,"positionY":826.9877441135322,"cellX":null,"cellY":null,"angle":180},{"id":26,"positionX":951.9084022973556,"positionY":791.264413656717,"cellX":null,"cellY":null,"angle":135},{"id":27,"positionX":1095.8666666666665,"positionY":606.0285714285715,"cellX":null,"cellY":null,"angle":0},{"id":28,"positionX":1095.8666666666665,"positionY":655.3142857142857,"cellX":null,"cellY":null,"angle":0},{"id":29,"positionX":1095.8666666666665,"positionY":704.6,"cellX":null,"cellY":null,"angle":0},{"id":30,"positionX":1095.8666666666665,"positionY":753.8857142857142,"cellX":null,"cellY":null,"angle":0},{"id":31,"positionX":1178.2,"positionY":755.2,"cellX":null,"cellY":null,"angle":0},{"id":32,"positionX":1178.2,"positionY":705.9142857142857,"cellX":null,"cellY":null,"angle":0},{"id":33,"positionX":1178.2,"positionY":656.6285714285714,"cellX":null,"cellY":null,"angle":0},{"id":34,"positionX":1130.7,"positionY":755.2,"cellX":null,"cellY":null,"angle":0},{"id":35,"positionX":1130.7,"positionY":656.6285714285714,"cellX":null,"cellY":null,"angle":0},{"id":36,"positionX":1130.7,"positionY":705.9142857142857,"cellX":null,"cellY":null,"angle":0},{"id":37,"positionX":1128.7883124043487,"positionY":573.009205857059,"cellX":null,"cellY":null,"angle":0},{"id":38,"positionX":1201.9084022973538,"positionY":791.2644136567153,"cellX":null,"cellY":null,"angle":135},{"id":39,"positionX":1128.9864786101254,"positionY":826.9877441221761,"cellX":null,"cellY":null,"angle":180},{"id":77,"positionX":345.8666666666667,"positionY":606.0285714285715,"cellX":null,"cellY":null,"angle":0},{"id":78,"positionX":345.8666666666667,"positionY":655.3142857142857,"cellX":null,"cellY":null,"angle":0},{"id":79,"positionX":345.8666666666667,"positionY":704.6,"cellX":null,"cellY":null,"angle":0},{"id":80,"positionX":345.8666666666667,"positionY":753.8857142857142,"cellX":null,"cellY":null,"angle":0},{"id":81,"positionX":428.2,"positionY":755.2,"cellX":null,"cellY":null,"angle":0},{"id":82,"positionX":428.2,"positionY":705.9142857142857,"cellX":null,"cellY":null,"angle":0},{"id":83,"positionX":428.2,"positionY":656.6285714285714,"cellX":null,"cellY":null,"angle":0},{"id":84,"positionX":380.7,"positionY":656.6285714285714,"cellX":null,"cellY":null,"angle":0},{"id":85,"positionX":380.7,"positionY":705.9142857142857,"cellX":null,"cellY":null,"angle":0},{"id":86,"positionX":378.78831240432384,"positionY":573.0092058594964,"cellX":null,"cellY":null,"angle":0},{"id":87,"positionX":378.9864786101198,"positionY":826.9877441216449,"cellX":null,"cellY":null,"angle":180},{"id":88,"positionX":451.90840229735465,"positionY":791.2644136567162,"cellX":null,"cellY":null,"angle":135},{"id":89,"positionX":380.7,"positionY":755.2,"cellX":null,"cellY":null,"angle":0},{"id":90,"positionX":1345.8666666666665,"positionY":606.0285714285715,"cellX":null,"cellY":null,"angle":0},{"id":91,"positionX":1345.8666666666665,"positionY":655.3142857142857,"cellX":null,"cellY":null,"angle":0},{"id":92,"positionX":1345.8666666666665,"positionY":704.6,"cellX":null,"cellY":null,"angle":0},{"id":93,"positionX":1345.8666666666665,"positionY":753.8857142857142,"cellX":null,"cellY":null,"angle":0},{"id":94,"positionX":1428.2,"positionY":755.2,"cellX":null,"cellY":null,"angle":0},{"id":95,"positionX":1428.2,"positionY":705.9142857142857,"cellX":null,"cellY":null,"angle":0},{"id":96,"positionX":1428.2,"positionY":656.6285714285714,"cellX":null,"cellY":null,"angle":0},{"id":97,"positionX":1380.7,"positionY":755.2,"cellX":null,"cellY":null,"angle":0},{"id":98,"positionX":1380.7,"positionY":656.6285714285714,"cellX":null,"cellY":null,"angle":0},{"id":99,"positionX":1380.7,"positionY":705.9142857142857,"cellX":null,"cellY":null,"angle":0},{"id":100,"positionX":1378.788312404349,"positionY":573.009205857059,"cellX":null,"cellY":null,"angle":0},{"id":101,"positionX":1451.908402297353,"positionY":791.2644136567162,"cellX":null,"cellY":null,"angle":135},{"id":102,"positionX":1378.9864786099747,"positionY":826.9877441092249,"cellX":null,"cellY":null,"angle":180}]}}