{
  "Model": {
    "Name": "CancerSignalling",
    "Variables": [
      {
        "Name": "KRAS",
        "Id": 2,
        "RangeFrom": 0,
        "RangeTo": 1,
        "Formula": ""
      },
      {
        "Name": "RAC1",
        "Id": 3,
        "RangeFrom": 0,
        "RangeTo": 1,
        "Formula": ""
      },
      {
        "Name": "RAF",
        "Id": 4,
        "RangeFrom": 0,
        "RangeTo": 1,
        "Formula": ""
      },
      {
        "Name": "MEK",
        "Id": 5,
        "RangeFrom": 0,
        "RangeTo": 1,
        "Formula": ""
      },
      {
        "Name": "ERK",
        "Id": 6,
        "RangeFrom": 0,
        "RangeTo": 1,
        "Formula": ""
      },
      {
        "Name": "GROWTH",
        "Id": 10,
        "RangeFrom": 0,
        "RangeTo": 1,
        "Formula": ""
      },
      {
        "Name": "PAK1",
        "Id": 13,
        "RangeFrom": 0,
        "RangeTo": 1,
        "Formula": ""
      },
      {
        "Name": "INVASION",
        "Id": 16,
        "RangeFrom": 0,
        "RangeTo": 1,
        "Formula": ""
      },
      {
        "Name": "EGFR",
        "Id": 18,
        "RangeFrom": 0,
        "RangeTo": 1,
        "Formula": ""
      },
      {
        "Name": "PI3K",
        "Id": 20,
        "RangeFrom": 0,
        "RangeTo": 1,
        "Formula": ""
      },
      {
        "Name": "AKT",
        "Id": 23,
        "RangeFrom": 0,
        "RangeTo": 1,
        "Formula": ""
      },
      {
        "Name": "MDM2",
        "Id": 24,
        "RangeFrom": 0,
        "RangeTo": 1,
        "Formula": ""
      },
      {
        "Name": "TP53",
        "Id": 25,
        "RangeFrom": 0,
        "RangeTo": 1,
        "Formula": "1-var(24)-var(51)"
      },
      {
        "Name": "PTEN",
        "Id": 31,
        "RangeFrom": 0,
        "RangeTo": 1,
        "Formula": "1-var(57)"
      },
      {
        "Name": "PIP3",
        "Id": 33,
        "RangeFrom": 0,
        "RangeTo": 1,
        "Formula": "1-var(31)+var(20)"
      },
      {
        "Name": "SURVIVAL",
        "Id": 39,
        "RangeFrom": 0,
        "RangeTo": 1,
        "Formula": "1-var(25)"
      },
      {
        "Name": "TOR",
        "Id": 41,
        "RangeFrom": 0,
        "RangeTo": 1,
        "Formula": ""
      },
      {
        "Name": "Rapamycin",
        "Id": 45,
        "RangeFrom": 0,
        "RangeTo": 1,
        "Formula": ""
      },
      {
        "Name": "IGFR",
        "Id": 47,
        "RangeFrom": 0,
        "RangeTo": 1,
        "Formula": ""
      },
      {
        "Name": "Cetuximab",
        "Id": 49,
        "RangeFrom": 0,
        "RangeTo": 1,
        "Formula": ""
      },
      {
        "Name": "TP53_mutant",
        "Id": 51,
        "RangeFrom": 0,
        "RangeTo": 1,
        "Formula": "0"
      },
      {
        "Name": "EGFR_mutant",
        "Id": 53,
        "RangeFrom": 0,
        "RangeTo": 1,
        "Formula": "0"
      },
      {
        "Name": "PTEN_mutant",
        "Id": 57,
        "RangeFrom": 0,
        "RangeTo": 1,
        "Formula": "0"
      },
      {
        "Name": "KRAS_mutant",
        "Id": 59,
        "RangeFrom": 0,
        "RangeTo": 1,
        "Formula": "0"
      },
      {
        "Name": "Trametinib",
        "Id": 62,
        "RangeFrom": 0,
        "RangeTo": 1,
        "Formula": ""
      },
      {
        "Name": "Imidazothiazole",
        "Id": 65,
        "RangeFrom": 0,
        "RangeTo": 1,
        "Formula": ""
      },
      {
        "Name": "Idelalisib",
        "Id": 68,
        "RangeFrom": 0,
        "RangeTo": 1,
        "Formula": ""
      }
    ],
    "Relationships": [
      {
        "Id": 7,
        "FromVariable": 2,
        "ToVariable": 4,
        "Type": "Activator"
      },
      {
        "Id": 8,
        "FromVariable": 4,
        "ToVariable": 5,
        "Type": "Activator"
      },
      {
        "Id": 9,
        "FromVariable": 5,
        "ToVariable": 6,
        "Type": "Activator"
      },
      {
        "Id": 11,
        "FromVariable": 6,
        "ToVariable": 10,
        "Type": "Activator"
      },
      {
        "Id": 12,
        "FromVariable": 2,
        "ToVariable": 3,
        "Type": "Activator"
      },
      {
        "Id": 14,
        "FromVariable": 3,
        "ToVariable": 13,
        "Type": "Activator"
      },
      {
        "Id": 15,
        "FromVariable": 13,
        "ToVariable": 4,
        "Type": "Activator"
      },
      {
        "Id": 17,
        "FromVariable": 13,
        "ToVariable": 16,
        "Type": "Activator"
      },
      {
        "Id": 19,
        "FromVariable": 18,
        "ToVariable": 2,
        "Type": "Activator"
      },
      {
        "Id": 21,
        "FromVariable": 2,
        "ToVariable": 20,
        "Type": "Activator"
      },
      {
        "Id": 22,
        "FromVariable": 18,
        "ToVariable": 20,
        "Type": "Activator"
      },
      {
        "Id": 26,
        "FromVariable": 20,
        "ToVariable": 23,
        "Type": "Activator"
      },
      {
        "Id": 27,
        "FromVariable": 23,
        "ToVariable": 24,
        "Type": "Activator"
      },
      {
        "Id": 28,
        "FromVariable": 24,
        "ToVariable": 25,
        "Type": "Inhibitor"
      },
      {
        "Id": 32,
        "FromVariable": 25,
        "ToVariable": 31,
        "Type": "Activator"
      },
      {
        "Id": 34,
        "FromVariable": 20,
        "ToVariable": 33,
        "Type": "Activator"
      },
      {
        "Id": 35,
        "FromVariable": 31,
        "ToVariable": 33,
        "Type": "Inhibitor"
      },
      {
        "Id": 38,
        "FromVariable": 33,
        "ToVariable": 23,
        "Type": "Activator"
      },
      {
        "Id": 40,
        "FromVariable": 25,
        "ToVariable": 39,
        "Type": "Inhibitor"
      },
      {
        "Id": 46,
        "FromVariable": 45,
        "ToVariable": 41,
        "Type": "Inhibitor"
      },
      {
        "Id": 48,
        "FromVariable": 47,
        "ToVariable": 20,
        "Type": "Activator"
      },
      {
        "Id": 50,
        "FromVariable": 49,
        "ToVariable": 18,
        "Type": "Inhibitor"
      },
      {
        "Id": 52,
        "FromVariable": 51,
        "ToVariable": 25,
        "Type": "Inhibitor"
      },
      {
        "Id": 54,
        "FromVariable": 53,
        "ToVariable": 18,
        "Type": "Activator"
      },
      {
        "Id": 55,
        "FromVariable": 23,
        "ToVariable": 41,
        "Type": "Activator"
      },
      {
        "Id": 56,
        "FromVariable": 41,
        "ToVariable": 24,
        "Type": "Activator"
      },
      {
        "Id": 58,
        "FromVariable": 57,
        "ToVariable": 31,
        "Type": "Inhibitor"
      },
      {
        "Id": 60,
        "FromVariable": 59,
        "ToVariable": 2,
        "Type": "Activator"
      },
      {
        "Id": 61,
        "FromVariable": 41,
        "ToVariable": 10,
        "Type": "Activator"
      },
      {
        "Id": 63,
        "FromVariable": 62,
        "ToVariable": 5,
        "Type": "Inhibitor"
      },
      {
        "Id": 64,
        "FromVariable": 13,
        "ToVariable": 5,
        "Type": "Activator"
      },
      {
        "Id": 67,
        "FromVariable": 65,
        "ToVariable": 24,
        "Type": "Inhibitor"
      },
      {
        "Id": 69,
        "FromVariable": 68,
        "ToVariable": 20,
        "Type": "Inhibitor"
      }
    ]
  },
  "Layout": {
    "Variables": [
      {
        "Id": 2,
        "Name": "KRAS",
        "Type": "Default",
        "ContainerId": 1,
        "PositionX": 954.9681245388252,
        "PositionY": -447.58821348403836,
        "CellX": 0,
        "CellY": 0,
        "Angle": 0,
        "Description": ""
      },
      {
        "Id": 3,
        "Name": "RAC1",
        "Type": "Default",
        "ContainerId": 1,
        "PositionX": 892.2518155648717,
        "PositionY": -338.66157766574116,
        "CellX": 0,
        "CellY": 0,
        "Angle": 0,
        "Description": ""
      },
      {
        "Id": 4,
        "Name": "RAF",
        "Type": "Default",
        "ContainerId": 1,
        "PositionX": 1057.12638282568,
        "PositionY": -332.9433845815513,
        "CellX": 0,
        "CellY": 0,
        "Angle": 0,
        "Description": ""
      },
      {
        "Id": 5,
        "Name": "MEK",
        "Type": "Default",
        "ContainerId": 1,
        "PositionX": 1081.9052195238362,
        "PositionY": -283.38571118523896,
        "CellX": 0,
        "CellY": 0,
        "Angle": 0,
        "Description": ""
      },
      {
        "Id": 6,
        "Name": "ERK",
        "Type": "Default",
        "ContainerId": 1,
        "PositionX": 1111.4492171254838,
        "PositionY": -232.87500560822835,
        "CellX": 0,
        "CellY": 0,
        "Angle": 0,
        "Description": ""
      },
      {
        "Id": 10,
        "Name": "GROWTH",
        "Type": "Default",
        "ContainerId": 1,
        "PositionX": 973.2595509242284,
        "PositionY": 127.37115869573428,
        "CellX": 0,
        "CellY": 0,
        "Angle": 0,
        "Description": ""
      },
      {
        "Id": 13,
        "Name": "PAK1",
        "Type": "Default",
        "ContainerId": 1,
        "PositionX": 906.5472982753464,
        "PositionY": -226.20378034334016,
        "CellX": 0,
        "CellY": 0,
        "Angle": 0,
        "Description": ""
      },
      {
        "Id": 16,
        "Name": "INVASION",
        "Type": "Default",
        "ContainerId": 1,
        "PositionX": 897.0169764683633,
        "PositionY": 125.46509433433765,
        "CellX": 0,
        "CellY": 0,
        "Angle": 0,
        "Description": ""
      },
      {
        "Id": 18,
        "Name": "EGFR",
        "Type": "MembraneReceptor",
        "ContainerId": 1,
        "PositionX": 896.6632494024083,
        "PositionY": -521.3803210785659,
        "CellX": 0,
        "CellY": 0,
        "Angle": 3.2510340726538285,
        "Description": ""
      },
      {
        "Id": 20,
        "Name": "PI3K",
        "Type": "Default",
        "ContainerId": 1,
        "PositionX": 778.8409860617724,
        "PositionY": -311.02364442549,
        "CellX": 0,
        "CellY": 0,
        "Angle": 0,
        "Description": ""
      },
      {
        "Id": 23,
        "Name": "AKT",
        "Type": "Default",
        "ContainerId": 1,
        "PositionX": 712.1287334128905,
        "PositionY": -276.714485920351,
        "CellX": 0,
        "CellY": 0,
        "Angle": 0,
        "Description": ""
      },
      {
        "Id": 24,
        "Name": "MDM2",
        "Type": "Default",
        "ContainerId": 1,
        "PositionX": 706.4105403287006,
        "PositionY": -210.95526545216734,
        "CellX": 0,
        "CellY": 0,
        "Angle": 0,
        "Description": ""
      },
      {
        "Id": 25,
        "Name": "TP53",
        "Type": "Default",
        "ContainerId": 1,
        "PositionX": 657.8058991130866,
        "PositionY": -253.84171358359148,
        "CellX": 0,
        "CellY": 0,
        "Angle": 0,
        "Description": ""
      },
      {
        "Id": 31,
        "Name": "PTEN",
        "Type": "Default",
        "ContainerId": 1,
        "PositionX": 765.5489243753882,
        "PositionY": -448.4729515486575,
        "CellX": 0,
        "CellY": 0,
        "Angle": 0,
        "Description": ""
      },
      {
        "Id": 33,
        "Name": "PIP3",
        "Type": "Default",
        "ContainerId": 1,
        "PositionX": 835.0698847229728,
        "PositionY": -237.64016651171983,
        "CellX": 0,
        "CellY": 0,
        "Angle": 0,
        "Description": ""
      },
      {
        "Id": 39,
        "Name": "SURVIVAL",
        "Type": "Default",
        "ContainerId": 1,
        "PositionX": 815.0562089283083,
        "PositionY": 130.23025523782923,
        "CellX": 0,
        "CellY": 0,
        "Angle": 0,
        "Description": ""
      },
      {
        "Id": 41,
        "Name": "TOR",
        "Type": "Default",
        "ContainerId": 1,
        "PositionX": 786.4652435073589,
        "PositionY": -170.92791386283784,
        "CellX": 0,
        "CellY": 0,
        "Angle": 0,
        "Description": ""
      },
      {
        "Id": 45,
        "Name": "Rapamycin",
        "Type": "Constant",
        "ContainerId": 0,
        "PositionX": 465.52920840346945,
        "PositionY": -150.0152298381401,
        "CellX": 0,
        "CellY": 0,
        "Angle": 0,
        "Description": ""
      },
      {
        "Id": 47,
        "Name": "IGFR",
        "Type": "MembraneReceptor",
        "ContainerId": 1,
        "PositionX": 634.9331267763271,
        "PositionY": -371.0646718094841,
        "CellX": 0,
        "CellY": 0,
        "Angle": 313.90534736010443,
        "Description": ""
      },
      {
        "Id": 49,
        "Name": "Cetuximab",
        "Type": "Constant",
        "ContainerId": 0,
        "PositionX": 860.2227024421478,
        "PositionY": -664.4094678975883,
        "CellX": 0,
        "CellY": 0,
        "Angle": 0,
        "Description": ""
      },
      {
        "Id": 51,
        "Name": "TP53_mutant",
        "Type": "Default",
        "ContainerId": 1,
        "PositionX": 645.4164807640085,
        "PositionY": -308.16454788339536,
        "CellX": 0,
        "CellY": 0,
        "Angle": 0,
        "Description": ""
      },
      {
        "Id": 53,
        "Name": "EGFR_mutant",
        "Type": "MembraneReceptor",
        "ContainerId": 1,
        "PositionX": 815.2512751465802,
        "PositionY": -512.5452915984606,
        "CellX": 0,
        "CellY": 0,
        "Angle": 350.8835357595487,
        "Description": ""
      },
      {
        "Id": 57,
        "Name": "PTEN_mutant",
        "Type": "Default",
        "ContainerId": 1,
        "PositionX": 825.589951759382,
        "PositionY": -448.4729515486575,
        "CellX": 0,
        "CellY": 0,
        "Angle": 0,
        "Description": ""
      },
      {
        "Id": 59,
        "Name": "KRAS_mutant",
        "Type": "Default",
        "ContainerId": 1,
        "PositionX": 992.2155206018687,
        "PositionY": -465.1255923416553,
        "CellX": 0,
        "CellY": 0,
        "Angle": 0,
        "Description": ""
      },
      {
        "Id": 62,
        "Name": "Trametinib",
        "Type": "Constant",
        "ContainerId": 0,
        "PositionX": 1329.74397534879,
        "PositionY": -358.8879265630159,
        "CellX": 0,
        "CellY": 0,
        "Angle": 0,
        "Description": ""
      },
      {
        "Id": 65,
        "Name": "Imidazothiazole",
        "Type": "Constant",
        "ContainerId": 0,
        "PositionX": 388.14818081885585,
        "PositionY": -251.1952901441066,
        "CellX": 0,
        "CellY": 0,
        "Angle": 0,
        "Description": ""
      },
      {
        "Id": 68,
        "Name": "Idelalisib",
        "Type": "Constant",
        "ContainerId": 0,
        "PositionX": 658.809320137177,
        "PositionY": -613.3475188094658,
        "CellX": 0,
        "CellY": 0,
        "Angle": 0,
        "Description": ""
      }
    ],
    "Containers": [
      {
        "Id": 1,
        "Name": "C0",
        "Size": 3,
        "PositionX": 2,
        "PositionY": -2
      }
    ]
  },
  "ltl": {
    "states": [],
    "operations": []
  }
}