{
  "Model": {
    "Name": "diabetes_new_mod",
    "Variables": [
      {
        "Id": 1,
        "RangeFrom": 0,
        "RangeTo": 2,
        "Formula": "var(2)"
      },
      {
        "Id": 2,
        "RangeFrom": 0,
        "RangeTo": 2,
        "Formula": "max(var(10)-var(11),0)"
      },
      {
        "Id": 3,
        "RangeFrom": 0,
        "RangeTo": 2,
        "Formula": "0"
      },
      {
        "Id": 4,
        "RangeFrom": 0,
        "RangeTo": 2,
        "Formula": "2"
      },
      {
        "Id": 5,
        "RangeFrom": 0,
        "RangeTo": 2,
        "Formula": "0"
      },
      {
        "Id": 6,
        "RangeFrom": 0,
        "RangeTo": 2,
        "Formula": "max(((avg(var(7),var(10),var(13),var(14),var(8)))-(var(4))),0)"
      },
      {
        "Id": 7,
        "RangeFrom": 0,
        "RangeTo": 2,
        "Formula": "0"
      },
      {
        "Id": 8,
        "RangeFrom": 0,
        "RangeTo": 2,
        "Formula": "max(((avg(var(7),var(13)))-(avg(var(4),var(12)))),0)"
      },
      {
        "Id": 9,
        "RangeFrom": 0,
        "RangeTo": 2,
        "Formula": "0"
      },
      {
        "Id": 10,
        "RangeFrom": 0,
        "RangeTo": 2,
        "Formula": "max(((avg(var(7),var(3)))-var(4)),0)"
      },
      {
        "Id": 11,
        "RangeFrom": 0,
        "RangeTo": 2,
        "Formula": "0"
      },
      {
        "Id": 12,
        "RangeFrom": 0,
        "RangeTo": 2,
        "Formula": "2-var(10)"
      },
      {
        "Id": 13,
        "RangeFrom": 0,
        "RangeTo": 2,
        "Formula": "0"
      },
      {
        "Id": 14,
        "RangeFrom": 0,
        "RangeTo": 2,
        "Formula": "max(var(13)-var(12),0)"
      },
      {
        "Id": 15,
        "RangeFrom": 0,
        "RangeTo": 2,
        "Formula": "max(((avg(var(18),var(13),var(7),var(6),var(1),var(3),var(9),var(5)))-(avg(var(16),var(12),var(4)))),0)"
      },
      {
        "Id": 16,
        "RangeFrom": 0,
        "RangeTo": 2,
        "Formula": "0"
      },
      {
        "Id": 17,
        "RangeFrom": 0,
        "RangeTo": 2,
        "Formula": "avg(var(24),var(15))"
      },
      {
        "Id": 18,
        "RangeFrom": 0,
        "RangeTo": 2,
        "Formula": "avg(min(var(22),var(19)),var(17))"
      },
      {
        "Id": 19,
        "RangeFrom": 0,
        "RangeTo": 2,
        "Formula": "max(var(15)-var(20),0)"
      },
      {
        "Id": 20,
        "RangeFrom": 0,
        "RangeTo": 2,
        "Formula": "2-var(21)"
      },
      {
        "Id": 21,
        "RangeFrom": 0,
        "RangeTo": 2,
        "Formula": "0"
      },
      {
        "Id": 22,
        "RangeFrom": 0,
        "RangeTo": 2,
        "Formula": "1"
      },
      {
        "Id": 23,
        "RangeFrom": 0,
        "RangeTo": 2,
        "Formula": "2-var(16)"
      },
      {
        "Id": 24,
        "RangeFrom": 0,
        "RangeTo": 2,
        "Formula": "2-var(23)"
      },
      {
        "Id": 25,
        "RangeFrom": 0,
        "RangeTo": 2,
        "Formula": "0"
      },
      {
        "Id": 26,
        "RangeFrom": 0,
        "RangeTo": 2,
        "Formula": "0"
      },
      {
        "Id": 27,
        "RangeFrom": 0,
        "RangeTo": 2,
        "Formula": "avg(min(var(18),var(28)),min(var(30),var(25)))"
      },
      {
        "Id": 28,
        "RangeFrom": 0,
        "RangeTo": 2,
        "Formula": "var(30)"
      },
      {
        "Id": 29,
        "RangeFrom": 0,
        "RangeTo": 2,
        "Formula": "var(27)"
      },
      {
        "Id": 30,
        "RangeFrom": 0,
        "RangeTo": 2,
        "Formula": "min(var(27),var(25))"
      },
      {
        "Id": 31,
        "RangeFrom": 0,
        "RangeTo": 2,
        "Formula": "min(var(29),var(26))"
      },
      {
        "Id": 32,
        "RangeFrom": 0,
        "RangeTo": 2,
        "Formula": "0"
      },
      {
        "Id": 33,
        "RangeFrom": 0,
        "RangeTo": 2,
        "Formula": "min(var(31),var(32))"
      },
      {
        "Id": 34,
        "RangeFrom": 0,
        "RangeTo": 2,
        "Formula": "var(31)"
      },
      {
        "Id": 35,
        "RangeFrom": 0,
        "RangeTo": 2,
        "Formula": "2"
      },
      {
        "Id": 36,
        "RangeFrom": 0,
        "RangeTo": 2,
        "Formula": "min(var(34),var(35))"
      },
      {
        "Id": 37,
        "RangeFrom": 0,
        "RangeTo": 2,
        "Formula": "var(34)"
      },
      {
        "Id": 38,
        "RangeFrom": 0,
        "RangeTo": 2,
        "Formula": "avg(min(var(40),min(var(37),var(39))),min(var(84),var(44)),min(var(47),min(var(85),var(46))),min(var(86),var(45)))"
      },
      {
        "Id": 39,
        "RangeFrom": 0,
        "RangeTo": 2,
        "Formula": "0"
      },
      {
        "Id": 40,
        "RangeFrom": 0,
        "RangeTo": 2,
        "Formula": "avg(min(var(41),min(var(43),var(42))),min(var(38),var(44)))"
      },
      {
        "Id": 41,
        "RangeFrom": 0,
        "RangeTo": 2,
        "Formula": "1"
      },
      {
        "Id": 42,
        "RangeFrom": 0,
        "RangeTo": 2,
        "Formula": "0"
      },
      {
        "Id": 43,
        "RangeFrom": 0,
        "RangeTo": 2,
        "Formula": "0"
      },
      {
        "Id": 44,
        "RangeFrom": 0,
        "RangeTo": 2,
        "Formula": "0"
      },
      {
        "Id": 45,
        "RangeFrom": 0,
        "RangeTo": 2,
        "Formula": "0"
      },
      {
        "Id": 46,
        "RangeFrom": 0,
        "RangeTo": 2,
        "Formula": "0"
      },
      {
        "Id": 84,
        "RangeFrom": 0,
        "RangeTo": 2,
        "Formula": "var(40)"
      },
      {
        "Id": 85,
        "RangeFrom": 0,
        "RangeTo": 2,
        "Formula": "var(40)"
      },
      {
        "Id": 86,
        "RangeFrom": 0,
        "RangeTo": 2,
        "Formula": "var(40)"
      },
      {
        "Id": 47,
        "RangeFrom": 0,
        "RangeTo": 2,
        "Formula": "min(var(38),min(var(62),var(48)))"
      },
      {
        "Id": 48,
        "RangeFrom": 0,
        "RangeTo": 2,
        "Formula": "avg(min(var(61),var(60)),min(var(40),min(var(47),var(46))))"
      },
      {
        "Id": 49,
        "RangeFrom": 0,
        "RangeTo": 2,
        "Formula": "min(var(47),var(50))"
      },
      {
        "Id": 50,
        "RangeFrom": 0,
        "RangeTo": 2,
        "Formula": "0"
      },
      {
        "Id": 51,
        "RangeFrom": 0,
        "RangeTo": 2,
        "Formula": "min(var(49),var(52))"
      },
      {
        "Id": 52,
        "RangeFrom": 0,
        "RangeTo": 2,
        "Formula": "2"
      },
      {
        "Id": 53,
        "RangeFrom": 0,
        "RangeTo": 2,
        "Formula": "0"
      },
      {
        "Id": 54,
        "RangeFrom": 0,
        "RangeTo": 2,
        "Formula": "min(var(51),var(53))"
      },
      {
        "Id": 55,
        "RangeFrom": 0,
        "RangeTo": 2,
        "Formula": "min(var(54),var(56))"
      },
      {
        "Id": 56,
        "RangeFrom": 0,
        "RangeTo": 2,
        "Formula": "0"
      },
      {
        "Id": 57,
        "RangeFrom": 0,
        "RangeTo": 2,
        "Formula": "0"
      },
      {
        "Id": 58,
        "RangeFrom": 0,
        "RangeTo": 2,
        "Formula": "0"
      },
      {
        "Id": 59,
        "RangeFrom": 0,
        "RangeTo": 2,
        "Formula": "min(var(55),var(57))"
      },
      {
        "Id": 60,
        "RangeFrom": 0,
        "RangeTo": 2,
        "Formula": "0"
      },
      {
        "Id": 61,
        "RangeFrom": 0,
        "RangeTo": 2,
        "Formula": "min(var(59),var(58))"
      },
      {
        "Id": 62,
        "RangeFrom": 0,
        "RangeTo": 2,
        "Formula": "0"
      },
      {
        "Id": 63,
        "RangeFrom": 0,
        "RangeTo": 2,
        "Formula": "avg(min(var(38),var(66)),min(var(64),min(var(65),var(40))))"
      },
      {
        "Id": 64,
        "RangeFrom": 0,
        "RangeTo": 2,
        "Formula": "1"
      },
      {
        "Id": 65,
        "RangeFrom": 0,
        "RangeTo": 2,
        "Formula": "0"
      },
      {
        "Id": 66,
        "RangeFrom": 0,
        "RangeTo": 2,
        "Formula": "0"
      },
      {
        "Id": 67,
        "RangeFrom": 0,
        "RangeTo": 2,
        "Formula": "min(var(63),min(var(68),var(69)))"
      },
      {
        "Id": 68,
        "RangeFrom": 0,
        "RangeTo": 2,
        "Formula": "0"
      },
      {
        "Id": 69,
        "RangeFrom": 0,
        "RangeTo": 2,
        "Formula": "0"
      },
      {
        "Id": 70,
        "RangeFrom": 0,
        "RangeTo": 2,
        "Formula": "min(var(38),var(71))"
      },
      {
        "Id": 71,
        "RangeFrom": 0,
        "RangeTo": 2,
        "Formula": "var(15)"
      },
      {
        "Id": 72,
        "RangeFrom": 0,
        "RangeTo": 2,
        "Formula": "var(15)"
      },
      {
        "Id": 73,
        "RangeFrom": 0,
        "RangeTo": 2,
        "Formula": "min(var(72),var(70))"
      },
      {
        "Id": 74,
        "RangeFrom": 0,
        "RangeTo": 2,
        "Formula": "min(var(73),var(75))"
      },
      {
        "Id": 75,
        "RangeFrom": 0,
        "RangeTo": 2,
        "Formula": "0"
      },
      {
        "Id": 76,
        "RangeFrom": 0,
        "RangeTo": 2,
        "Formula": "min(var(73),var(77))"
      },
      {
        "Id": 77,
        "RangeFrom": 0,
        "RangeTo": 2,
        "Formula": "var(15)"
      },
      {
        "Id": 78,
        "RangeFrom": 0,
        "RangeTo": 2,
        "Formula": "var(15)"
      },
      {
        "Id": 79,
        "RangeFrom": 0,
        "RangeTo": 2,
        "Formula": "0"
      },
      {
        "Id": 80,
        "RangeFrom": 0,
        "RangeTo": 2,
        "Formula": "avg(min(var(73),min(var(78),var(79))),min(var(76),min(var(87),(0))))"
      },
      {
        "Id": 81,
        "RangeFrom": 0,
        "RangeTo": 2,
        "Formula": "avg(min(var(73),var(82)),min(var(76),(0)))"
      },
      {
        "Id": 82,
        "RangeFrom": 0,
        "RangeTo": 2,
        "Formula": "0"
      },
      {
        "Id": 83,
        "RangeFrom": 0,
        "RangeTo": 2,
        "Formula": "var(81)"
      },
      {
        "Id": 87,
        "RangeFrom": 0,
        "RangeTo": 2,
        "Formula": "var(78)"
      }
    ],
    "Relationships": [
      {
        "Id": 99,
        "FromVariable": 18,
        "ToVariable": 15,
        "Type": "Activator"
      },
      {
        "Id": 100,
        "FromVariable": 15,
        "ToVariable": 17,
        "Type": "Activator"
      },
      {
        "Id": 101,
        "FromVariable": 15,
        "ToVariable": 19,
        "Type": "Activator"
      },
      {
        "Id": 102,
        "FromVariable": 16,
        "ToVariable": 15,
        "Type": "Inhibitor"
      },
      {
        "Id": 103,
        "FromVariable": 18,
        "ToVariable": 27,
        "Type": "Activator"
      },
      {
        "Id": 104,
        "FromVariable": 37,
        "ToVariable": 38,
        "Type": "Activator"
      },
      {
        "Id": 105,
        "FromVariable": 38,
        "ToVariable": 47,
        "Type": "Activator"
      },
      {
        "Id": 106,
        "FromVariable": 47,
        "ToVariable": 40,
        "Type": "Activator"
      },
      {
        "Id": 107,
        "FromVariable": 40,
        "ToVariable": 48,
        "Type": "Activator"
      },
      {
        "Id": 108,
        "FromVariable": 46,
        "ToVariable": 48,
        "Type": "Activator"
      },
      {
        "Id": 109,
        "FromVariable": 40,
        "ToVariable": 63,
        "Type": "Activator"
      },
      {
        "Id": 110,
        "FromVariable": 38,
        "ToVariable": 63,
        "Type": "Activator"
      },
      {
        "Id": 111,
        "FromVariable": 38,
        "ToVariable": 70,
        "Type": "Activator"
      },
      {
        "Id": 112,
        "FromVariable": 15,
        "ToVariable": 71,
        "Type": "Activator"
      },
      {
        "Id": 113,
        "FromVariable": 15,
        "ToVariable": 72,
        "Type": "Activator"
      },
      {
        "Id": 114,
        "FromVariable": 15,
        "ToVariable": 77,
        "Type": "Activator"
      },
      {
        "Id": 115,
        "FromVariable": 15,
        "ToVariable": 78,
        "Type": "Activator"
      },
      {
        "Id": 116,
        "FromVariable": 47,
        "ToVariable": 38,
        "Type": "Activator"
      },
      {
        "Id": 1,
        "FromVariable": 13,
        "ToVariable": 15,
        "Type": "Activator"
      },
      {
        "Id": 2,
        "FromVariable": 7,
        "ToVariable": 15,
        "Type": "Activator"
      },
      {
        "Id": 3,
        "FromVariable": 6,
        "ToVariable": 15,
        "Type": "Activator"
      },
      {
        "Id": 4,
        "FromVariable": 3,
        "ToVariable": 15,
        "Type": "Activator"
      },
      {
        "Id": 5,
        "FromVariable": 9,
        "ToVariable": 15,
        "Type": "Activator"
      },
      {
        "Id": 6,
        "FromVariable": 5,
        "ToVariable": 15,
        "Type": "Activator"
      },
      {
        "Id": 7,
        "FromVariable": 1,
        "ToVariable": 15,
        "Type": "Activator"
      },
      {
        "Id": 8,
        "FromVariable": 12,
        "ToVariable": 15,
        "Type": "Inhibitor"
      },
      {
        "Id": 9,
        "FromVariable": 4,
        "ToVariable": 15,
        "Type": "Inhibitor"
      },
      {
        "Id": 10,
        "FromVariable": 13,
        "ToVariable": 14,
        "Type": "Activator"
      },
      {
        "Id": 11,
        "FromVariable": 12,
        "ToVariable": 14,
        "Type": "Inhibitor"
      },
      {
        "Id": 12,
        "FromVariable": 13,
        "ToVariable": 6,
        "Type": "Activator"
      },
      {
        "Id": 13,
        "FromVariable": 13,
        "ToVariable": 8,
        "Type": "Activator"
      },
      {
        "Id": 14,
        "FromVariable": 14,
        "ToVariable": 6,
        "Type": "Activator"
      },
      {
        "Id": 15,
        "FromVariable": 7,
        "ToVariable": 8,
        "Type": "Activator"
      },
      {
        "Id": 16,
        "FromVariable": 7,
        "ToVariable": 6,
        "Type": "Activator"
      },
      {
        "Id": 17,
        "FromVariable": 7,
        "ToVariable": 10,
        "Type": "Activator"
      },
      {
        "Id": 18,
        "FromVariable": 8,
        "ToVariable": 6,
        "Type": "Activator"
      },
      {
        "Id": 19,
        "FromVariable": 10,
        "ToVariable": 2,
        "Type": "Activator"
      },
      {
        "Id": 20,
        "FromVariable": 3,
        "ToVariable": 10,
        "Type": "Activator"
      },
      {
        "Id": 21,
        "FromVariable": 2,
        "ToVariable": 1,
        "Type": "Activator"
      },
      {
        "Id": 22,
        "FromVariable": 12,
        "ToVariable": 8,
        "Type": "Inhibitor"
      },
      {
        "Id": 23,
        "FromVariable": 10,
        "ToVariable": 12,
        "Type": "Inhibitor"
      },
      {
        "Id": 24,
        "FromVariable": 4,
        "ToVariable": 10,
        "Type": "Inhibitor"
      },
      {
        "Id": 25,
        "FromVariable": 4,
        "ToVariable": 6,
        "Type": "Inhibitor"
      },
      {
        "Id": 26,
        "FromVariable": 4,
        "ToVariable": 8,
        "Type": "Inhibitor"
      },
      {
        "Id": 27,
        "FromVariable": 11,
        "ToVariable": 2,
        "Type": "Inhibitor"
      },
      {
        "Id": 28,
        "FromVariable": 10,
        "ToVariable": 6,
        "Type": "Activator"
      },
      {
        "Id": 29,
        "FromVariable": 24,
        "ToVariable": 17,
        "Type": "Activator"
      },
      {
        "Id": 30,
        "FromVariable": 22,
        "ToVariable": 18,
        "Type": "Activator"
      },
      {
        "Id": 31,
        "FromVariable": 17,
        "ToVariable": 18,
        "Type": "Activator"
      },
      {
        "Id": 32,
        "FromVariable": 21,
        "ToVariable": 20,
        "Type": "Inhibitor"
      },
      {
        "Id": 33,
        "FromVariable": 20,
        "ToVariable": 19,
        "Type": "Inhibitor"
      },
      {
        "Id": 34,
        "FromVariable": 16,
        "ToVariable": 23,
        "Type": "Inhibitor"
      },
      {
        "Id": 35,
        "FromVariable": 23,
        "ToVariable": 24,
        "Type": "Inhibitor"
      },
      {
        "Id": 36,
        "FromVariable": 19,
        "ToVariable": 18,
        "Type": "Activator"
      },
      {
        "Id": 37,
        "FromVariable": 28,
        "ToVariable": 27,
        "Type": "Activator"
      },
      {
        "Id": 38,
        "FromVariable": 27,
        "ToVariable": 30,
        "Type": "Activator"
      },
      {
        "Id": 39,
        "FromVariable": 25,
        "ToVariable": 30,
        "Type": "Activator"
      },
      {
        "Id": 40,
        "FromVariable": 30,
        "ToVariable": 28,
        "Type": "Activator"
      },
      {
        "Id": 41,
        "FromVariable": 27,
        "ToVariable": 29,
        "Type": "Activator"
      },
      {
        "Id": 42,
        "FromVariable": 29,
        "ToVariable": 31,
        "Type": "Activator"
      },
      {
        "Id": 43,
        "FromVariable": 26,
        "ToVariable": 31,
        "Type": "Activator"
      },
      {
        "Id": 44,
        "FromVariable": 31,
        "ToVariable": 33,
        "Type": "Activator"
      },
      {
        "Id": 45,
        "FromVariable": 32,
        "ToVariable": 33,
        "Type": "Activator"
      },
      {
        "Id": 46,
        "FromVariable": 31,
        "ToVariable": 34,
        "Type": "Activator"
      },
      {
        "Id": 47,
        "FromVariable": 34,
        "ToVariable": 36,
        "Type": "Activator"
      },
      {
        "Id": 48,
        "FromVariable": 35,
        "ToVariable": 36,
        "Type": "Activator"
      },
      {
        "Id": 49,
        "FromVariable": 34,
        "ToVariable": 37,
        "Type": "Activator"
      },
      {
        "Id": 50,
        "FromVariable": 30,
        "ToVariable": 27,
        "Type": "Activator"
      },
      {
        "Id": 51,
        "FromVariable": 25,
        "ToVariable": 27,
        "Type": "Activator"
      },
      {
        "Id": 52,
        "FromVariable": 39,
        "ToVariable": 38,
        "Type": "Activator"
      },
      {
        "Id": 53,
        "FromVariable": 40,
        "ToVariable": 38,
        "Type": "Activator"
      },
      {
        "Id": 54,
        "FromVariable": 44,
        "ToVariable": 38,
        "Type": "Activator"
      },
      {
        "Id": 55,
        "FromVariable": 45,
        "ToVariable": 38,
        "Type": "Activator"
      },
      {
        "Id": 56,
        "FromVariable": 46,
        "ToVariable": 38,
        "Type": "Activator"
      },
      {
        "Id": 57,
        "FromVariable": 41,
        "ToVariable": 40,
        "Type": "Activator"
      },
      {
        "Id": 58,
        "FromVariable": 42,
        "ToVariable": 40,
        "Type": "Activator"
      },
      {
        "Id": 59,
        "FromVariable": 43,
        "ToVariable": 40,
        "Type": "Activator"
      },
      {
        "Id": 60,
        "FromVariable": 38,
        "ToVariable": 40,
        "Type": "Activator"
      },
      {
        "Id": 117,
        "FromVariable": 40,
        "ToVariable": 84,
        "Type": "Activator"
      },
      {
        "Id": 118,
        "FromVariable": 40,
        "ToVariable": 85,
        "Type": "Activator"
      },
      {
        "Id": 119,
        "FromVariable": 40,
        "ToVariable": 86,
        "Type": "Activator"
      },
      {
        "Id": 120,
        "FromVariable": 84,
        "ToVariable": 38,
        "Type": "Activator"
      },
      {
        "Id": 121,
        "FromVariable": 85,
        "ToVariable": 38,
        "Type": "Activator"
      },
      {
        "Id": 122,
        "FromVariable": 86,
        "ToVariable": 38,
        "Type": "Activator"
      },
      {
        "Id": 123,
        "FromVariable": 44,
        "ToVariable": 40,
        "Type": "Activator"
      },
      {
        "Id": 61,
        "FromVariable": 47,
        "ToVariable": 49,
        "Type": "Activator"
      },
      {
        "Id": 62,
        "FromVariable": 49,
        "ToVariable": 51,
        "Type": "Activator"
      },
      {
        "Id": 63,
        "FromVariable": 51,
        "ToVariable": 54,
        "Type": "Activator"
      },
      {
        "Id": 64,
        "FromVariable": 54,
        "ToVariable": 55,
        "Type": "Activator"
      },
      {
        "Id": 65,
        "FromVariable": 55,
        "ToVariable": 59,
        "Type": "Activator"
      },
      {
        "Id": 66,
        "FromVariable": 59,
        "ToVariable": 61,
        "Type": "Activator"
      },
      {
        "Id": 67,
        "FromVariable": 61,
        "ToVariable": 48,
        "Type": "Activator"
      },
      {
        "Id": 68,
        "FromVariable": 48,
        "ToVariable": 47,
        "Type": "Activator"
      },
      {
        "Id": 69,
        "FromVariable": 62,
        "ToVariable": 47,
        "Type": "Activator"
      },
      {
        "Id": 70,
        "FromVariable": 50,
        "ToVariable": 49,
        "Type": "Activator"
      },
      {
        "Id": 71,
        "FromVariable": 52,
        "ToVariable": 51,
        "Type": "Activator"
      },
      {
        "Id": 72,
        "FromVariable": 53,
        "ToVariable": 54,
        "Type": "Activator"
      },
      {
        "Id": 73,
        "FromVariable": 56,
        "ToVariable": 55,
        "Type": "Activator"
      },
      {
        "Id": 74,
        "FromVariable": 57,
        "ToVariable": 59,
        "Type": "Activator"
      },
      {
        "Id": 75,
        "FromVariable": 58,
        "ToVariable": 61,
        "Type": "Activator"
      },
      {
        "Id": 76,
        "FromVariable": 60,
        "ToVariable": 48,
        "Type": "Activator"
      },
      {
        "Id": 77,
        "FromVariable": 47,
        "ToVariable": 48,
        "Type": "Activator"
      },
      {
        "Id": 78,
        "FromVariable": 66,
        "ToVariable": 63,
        "Type": "Activator"
      },
      {
        "Id": 79,
        "FromVariable": 64,
        "ToVariable": 63,
        "Type": "Activator"
      },
      {
        "Id": 80,
        "FromVariable": 65,
        "ToVariable": 63,
        "Type": "Activator"
      },
      {
        "Id": 81,
        "FromVariable": 63,
        "ToVariable": 67,
        "Type": "Activator"
      },
      {
        "Id": 82,
        "FromVariable": 68,
        "ToVariable": 67,
        "Type": "Activator"
      },
      {
        "Id": 83,
        "FromVariable": 69,
        "ToVariable": 67,
        "Type": "Activator"
      },
      {
        "Id": 84,
        "FromVariable": 71,
        "ToVariable": 70,
        "Type": "Activator"
      },
      {
        "Id": 85,
        "FromVariable": 70,
        "ToVariable": 73,
        "Type": "Activator"
      },
      {
        "Id": 86,
        "FromVariable": 72,
        "ToVariable": 73,
        "Type": "Activator"
      },
      {
        "Id": 87,
        "FromVariable": 75,
        "ToVariable": 74,
        "Type": "Activator"
      },
      {
        "Id": 88,
        "FromVariable": 73,
        "ToVariable": 74,
        "Type": "Activator"
      },
      {
        "Id": 89,
        "FromVariable": 77,
        "ToVariable": 76,
        "Type": "Activator"
      },
      {
        "Id": 90,
        "FromVariable": 73,
        "ToVariable": 76,
        "Type": "Activator"
      },
      {
        "Id": 91,
        "FromVariable": 73,
        "ToVariable": 80,
        "Type": "Activator"
      },
      {
        "Id": 92,
        "FromVariable": 76,
        "ToVariable": 80,
        "Type": "Activator"
      },
      {
        "Id": 93,
        "FromVariable": 79,
        "ToVariable": 80,
        "Type": "Activator"
      },
      {
        "Id": 94,
        "FromVariable": 78,
        "ToVariable": 80,
        "Type": "Activator"
      },
      {
        "Id": 95,
        "FromVariable": 73,
        "ToVariable": 81,
        "Type": "Activator"
      },
      {
        "Id": 96,
        "FromVariable": 76,
        "ToVariable": 81,
        "Type": "Activator"
      },
      {
        "Id": 97,
        "FromVariable": 82,
        "ToVariable": 81,
        "Type": "Activator"
      },
      {
        "Id": 98,
        "FromVariable": 81,
        "ToVariable": 83,
        "Type": "Activator"
      },
      {
        "Id": 124,
        "FromVariable": 78,
        "ToVariable": 87,
        "Type": "Activator"
      },
      {
        "Id": 125,
        "FromVariable": 87,
        "ToVariable": 80,
        "Type": "Activator"
      }
    ]
  },
  "Layout": {
    "Variables": [
      {
        "Id": 1,
        "Name": "Tfdp1",
        "Type": "Default",
        "ContainerId": 1,
        "PositionX": 146.53333333333333,
        "PositionY": 63.77142857142857,
        "CellX": null,
        "CellY": null,
        "Angle": 0
      },
      {
        "Id": 2,
        "Name": "E2f",
        "Type": "Default",
        "ContainerId": 1,
        "PositionX": 130.7,
        "PositionY": 30.914285714285714,
        "CellX": null,
        "CellY": null,
        "Angle": 0
      },
      {
        "Id": 3,
        "Name": "KLF15",
        "Type": "Default",
        "ContainerId": 1,
        "PositionX": 130.7,
        "PositionY": 96.62857142857143,
        "CellX": null,
        "CellY": null,
        "Angle": 0
      },
      {
        "Id": 4,
        "Name": "Nrip1",
        "Type": "Default",
        "ContainerId": 1,
        "PositionX": 114.86666666666666,
        "PositionY": 63.77142857142857,
        "CellX": null,
        "CellY": null,
        "Angle": 0
      },
      {
        "Id": 5,
        "Name": "Gabpb2",
        "Type": "Default",
        "ContainerId": 1,
        "PositionX": 194.03333333333333,
        "PositionY": 63.77142857142857,
        "CellX": null,
        "CellY": null,
        "Angle": 0
      },
      {
        "Id": 6,
        "Name": "LXRa",
        "Type": "Default",
        "ContainerId": 1,
        "PositionX": 51.53333333333333,
        "PositionY": 145.9142857142857,
        "CellX": null,
        "CellY": null,
        "Angle": 0
      },
      {
        "Id": 7,
        "Name": "PGC1b",
        "Type": "Default",
        "ContainerId": 1,
        "PositionX": 130.7,
        "PositionY": 129.48571428571427,
        "CellX": null,
        "CellY": null,
        "Angle": 0
      },
      {
        "Id": 8,
        "Name": "PPARa",
        "Type": "Default",
        "ContainerId": 1,
        "PositionX": 99.03333333333333,
        "PositionY": 228.05714285714285,
        "CellX": null,
        "CellY": null,
        "Angle": 0
      },
      {
        "Id": 9,
        "Name": "HoxA5",
        "Type": "Default",
        "ContainerId": 1,
        "PositionX": 178.2,
        "PositionY": 63.77142857142857,
        "CellX": null,
        "CellY": null,
        "Angle": 0
      },
      {
        "Id": 10,
        "Name": "PPARg",
        "Type": "Default",
        "ContainerId": 1,
        "PositionX": 67.36666666666667,
        "PositionY": 80.2,
        "CellX": null,
        "CellY": null,
        "Angle": 0
      },
      {
        "Id": 11,
        "Name": "E2f6",
        "Type": "Default",
        "ContainerId": 1,
        "PositionX": 99.03333333333333,
        "PositionY": 30.914285714285714,
        "CellX": null,
        "CellY": null,
        "Angle": 0
      },
      {
        "Id": 12,
        "Name": "NcoR1",
        "Type": "Default",
        "ContainerId": 1,
        "PositionX": 194.03333333333333,
        "PositionY": 195.2,
        "CellX": null,
        "CellY": null,
        "Angle": 0
      },
      {
        "Id": 13,
        "Name": "NcoA1",
        "Type": "Default",
        "ContainerId": 1,
        "PositionX": 146.53333333333333,
        "PositionY": 195.2,
        "CellX": null,
        "CellY": null,
        "Angle": 0
      },
      {
        "Id": 14,
        "Name": "RXRa",
        "Type": "Default",
        "ContainerId": 1,
        "PositionX": 130.7,
        "PositionY": 162.34285714285716,
        "CellX": null,
        "CellY": null,
        "Angle": 0
      },
      {
        "Id": 15,
        "Name": "MLXIPL",
        "Type": "Default",
        "ContainerId": 1,
        "PositionX": 209.86666666666667,
        "PositionY": 129.48571428571427,
        "CellX": null,
        "CellY": null,
        "Angle": 0
      },
      {
        "Id": 16,
        "Name": "14-3-3",
        "Type": "Default",
        "ContainerId": 2,
        "PositionX": 349.0333333333333,
        "PositionY": 178.77142857142857,
        "CellX": null,
        "CellY": null,
        "Angle": 0
      },
      {
        "Id": 17,
        "Name": "Glut4",
        "Type": "Default",
        "ContainerId": 2,
        "PositionX": 396.5333333333333,
        "PositionY": 162.34285714285716,
        "CellX": null,
        "CellY": null,
        "Angle": 0
      },
      {
        "Id": 18,
        "Name": "Glucose",
        "Type": "Default",
        "ContainerId": 2,
        "PositionX": 428.2,
        "PositionY": 129.48571428571427,
        "CellX": null,
        "CellY": null,
        "Angle": 0
      },
      {
        "Id": 19,
        "Name": "PYGL",
        "Type": "Default",
        "ContainerId": 2,
        "PositionX": 412.3666666666667,
        "PositionY": 96.62857142857143,
        "CellX": null,
        "CellY": null,
        "Angle": 0
      },
      {
        "Id": 20,
        "Name": "PP1",
        "Type": "Default",
        "ContainerId": 2,
        "PositionX": 349.0333333333333,
        "PositionY": 80.2,
        "CellX": null,
        "CellY": null,
        "Angle": 0
      },
      {
        "Id": 21,
        "Name": "PP4R1",
        "Type": "Default",
        "ContainerId": 2,
        "PositionX": 317.3666666666667,
        "PositionY": 80.2,
        "CellX": null,
        "CellY": null,
        "Angle": 0
      },
      {
        "Id": 22,
        "Name": "Glycogen",
        "Type": "Default",
        "ContainerId": 2,
        "PositionX": 412.3666666666667,
        "PositionY": 63.77142857142857,
        "CellX": null,
        "CellY": null,
        "Angle": 0
      },
      {
        "Id": 23,
        "Name": "TBC1D4",
        "Type": "Default",
        "ContainerId": 2,
        "PositionX": 349.0333333333333,
        "PositionY": 228.05714285714285,
        "CellX": null,
        "CellY": null,
        "Angle": 0
      },
      {
        "Id": 24,
        "Name": "Rab",
        "Type": "Default",
        "ContainerId": 2,
        "PositionX": 396.5333333333333,
        "PositionY": 228.05714285714285,
        "CellX": null,
        "CellY": null,
        "Angle": 0
      },
      {
        "Id": 25,
        "Name": "PFKB1",
        "Type": "Default",
        "ContainerId": 3,
        "PositionX": 646.5333333333333,
        "PositionY": 80.2,
        "CellX": null,
        "CellY": null,
        "Angle": 0
      },
      {
        "Id": 26,
        "Name": "ALDOA",
        "Type": "Default",
        "ContainerId": 3,
        "PositionX": 630.7,
        "PositionY": 113.05714285714286,
        "CellX": null,
        "CellY": null,
        "Angle": 0
      },
      {
        "Id": 27,
        "Name": "Fructose-6-P",
        "Type": "Default",
        "ContainerId": 3,
        "PositionX": 614.8666666666667,
        "PositionY": 63.77142857142857,
        "CellX": null,
        "CellY": null,
        "Angle": 0
      },
      {
        "Id": 28,
        "Name": "PFK",
        "Type": "Default",
        "ContainerId": 3,
        "PositionX": 614.8666666666667,
        "PositionY": 30.914285714285714,
        "CellX": null,
        "CellY": null,
        "Angle": 0
      },
      {
        "Id": 29,
        "Name": "Fructose-1,6-bP",
        "Type": "Default",
        "ContainerId": 3,
        "PositionX": 614.8666666666667,
        "PositionY": 96.62857142857143,
        "CellX": null,
        "CellY": null,
        "Angle": 0
      },
      {
        "Id": 30,
        "Name": "Fructose-2,6-bP",
        "Type": "Default",
        "ContainerId": 3,
        "PositionX": 678.2,
        "PositionY": 63.77142857142857,
        "CellX": null,
        "CellY": null,
        "Angle": 0
      },
      {
        "Id": 31,
        "Name": "Dihydroxyacetone-P",
        "Type": "Default",
        "ContainerId": 3,
        "PositionX": 614.8666666666667,
        "PositionY": 145.9142857142857,
        "CellX": null,
        "CellY": null,
        "Angle": 0
      },
      {
        "Id": 32,
        "Name": "G3PD1",
        "Type": "Default",
        "ContainerId": 3,
        "PositionX": 662.3666666666667,
        "PositionY": 129.48571428571427,
        "CellX": null,
        "CellY": null,
        "Angle": 0
      },
      {
        "Id": 33,
        "Name": "Glycerol-3-P",
        "Type": "Default",
        "ContainerId": 3,
        "PositionX": 694.0333333333333,
        "PositionY": 145.9142857142857,
        "CellX": null,
        "CellY": null,
        "Angle": 0
      },
      {
        "Id": 34,
        "Name": "1,3-bP-Glycerate",
        "Type": "Default",
        "ContainerId": 3,
        "PositionX": 614.8666666666667,
        "PositionY": 195.2,
        "CellX": null,
        "CellY": null,
        "Angle": 0
      },
      {
        "Id": 35,
        "Name": "BPGM",
        "Type": "Default",
        "ContainerId": 3,
        "PositionX": 646.5333333333333,
        "PositionY": 178.77142857142857,
        "CellX": null,
        "CellY": null,
        "Angle": 0
      },
      {
        "Id": 36,
        "Name": "2,3-bP-Glycerate",
        "Type": "Default",
        "ContainerId": 3,
        "PositionX": 678.2,
        "PositionY": 195.2,
        "CellX": null,
        "CellY": null,
        "Angle": 0
      },
      {
        "Id": 37,
        "Name": "Pyruvate",
        "Type": "Default",
        "ContainerId": 3,
        "PositionX": 614.8666666666667,
        "PositionY": 228.05714285714285,
        "CellX": null,
        "CellY": null,
        "Angle": 0
      },
      {
        "Id": 38,
        "Name": "Acetyl CoA",
        "Type": "Default",
        "ContainerId": 4,
        "PositionX": 864.8666666666667,
        "PositionY": 195.2,
        "CellX": null,
        "CellY": null,
        "Angle": 0
      },
      {
        "Id": 39,
        "Name": "PDH",
        "Type": "Default",
        "ContainerId": 4,
        "PositionX": 817.3666666666667,
        "PositionY": 178.77142857142857,
        "CellX": null,
        "CellY": null,
        "Angle": 0
      },
      {
        "Id": 40,
        "Name": "CoA",
        "Type": "Default",
        "ContainerId": 4,
        "PositionX": 896.5333333333333,
        "PositionY": 63.77142857142857,
        "CellX": null,
        "CellY": null,
        "Angle": 0
      },
      {
        "Id": 41,
        "Name": "Biosynthesis",
        "Type": "Default",
        "ContainerId": 4,
        "PositionX": 817.3666666666667,
        "PositionY": 63.77142857142857,
        "CellX": null,
        "CellY": null,
        "Angle": 0
      },
      {
        "Id": 42,
        "Name": "PANK1",
        "Type": "Default",
        "ContainerId": 4,
        "PositionX": 849.0333333333333,
        "PositionY": 47.34285714285714,
        "CellX": null,
        "CellY": null,
        "Angle": 0
      },
      {
        "Id": 43,
        "Name": "COASY",
        "Type": "Default",
        "ContainerId": 4,
        "PositionX": 864.8666666666667,
        "PositionY": 30.914285714285714,
        "CellX": null,
        "CellY": null,
        "Angle": 0
      },
      {
        "Id": 44,
        "Name": "CRAT",
        "Type": "Default",
        "ContainerId": 4,
        "PositionX": 801.5333333333333,
        "PositionY": 129.48571428571427,
        "CellX": null,
        "CellY": null,
        "Angle": 0
      },
      {
        "Id": 45,
        "Name": "ACSL1",
        "Type": "Default",
        "ContainerId": 4,
        "PositionX": 896.5333333333333,
        "PositionY": 129.48571428571427,
        "CellX": null,
        "CellY": null,
        "Angle": 0
      },
      {
        "Id": 46,
        "Name": "ACLY",
        "Type": "Default",
        "ContainerId": 4,
        "PositionX": 928.2,
        "PositionY": 145.9142857142857,
        "CellX": null,
        "CellY": null,
        "Angle": 0
      },
      {
        "Id": 84,
        "Name": "CoA1",
        "Type": "Default",
        "ContainerId": 4,
        "PositionX": 830.0333333333333,
        "PositionY": 95.31428571428571,
        "CellX": null,
        "CellY": null,
        "Angle": 0
      },
      {
        "Id": 85,
        "Name": "CoA2",
        "Type": "Default",
        "ContainerId": 4,
        "PositionX": 845.8666666666667,
        "PositionY": 95.31428571428571,
        "CellX": null,
        "CellY": null,
        "Angle": 0
      },
      {
        "Id": 86,
        "Name": "CoA3",
        "Type": "Default",
        "ContainerId": 4,
        "PositionX": 861.7,
        "PositionY": 95.31428571428571,
        "CellX": null,
        "CellY": null,
        "Angle": 0
      },
      {
        "Id": 47,
        "Name": "Citrate",
        "Type": "Default",
        "ContainerId": 5,
        "PositionX": 1067.3666666666665,
        "PositionY": 113.05714285714286,
        "CellX": null,
        "CellY": null,
        "Angle": 0
      },
      {
        "Id": 48,
        "Name": "Oxaloacetate",
        "Type": "Default",
        "ContainerId": 5,
        "PositionX": 1051.5333333333333,
        "PositionY": 178.77142857142857,
        "CellX": null,
        "CellY": null,
        "Angle": 0
      },
      {
        "Id": 49,
        "Name": "Isocitrate",
        "Type": "Default",
        "ContainerId": 5,
        "PositionX": 1099.0333333333333,
        "PositionY": 47.34285714285714,
        "CellX": null,
        "CellY": null,
        "Angle": 0
      },
      {
        "Id": 50,
        "Name": "ACO2",
        "Type": "Default",
        "ContainerId": 5,
        "PositionX": 1064.2,
        "PositionY": 78.88571428571428,
        "CellX": null,
        "CellY": null,
        "Angle": 0
      },
      {
        "Id": 51,
        "Name": "a-Ketoglutarate",
        "Type": "Default",
        "ContainerId": 5,
        "PositionX": 1146.5333333333333,
        "PositionY": 47.34285714285714,
        "CellX": null,
        "CellY": null,
        "Angle": 0
      },
      {
        "Id": 52,
        "Name": "IDH",
        "Type": "Default",
        "ContainerId": 5,
        "PositionX": 1114.8666666666665,
        "PositionY": 30.914285714285714,
        "CellX": null,
        "CellY": null,
        "Angle": 0
      },
      {
        "Id": 53,
        "Name": "OGDH",
        "Type": "Default",
        "ContainerId": 5,
        "PositionX": 1146.5333333333333,
        "PositionY": 80.2,
        "CellX": null,
        "CellY": null,
        "Angle": 0
      },
      {
        "Id": 54,
        "Name": "Succinyl-CoA",
        "Type": "Default",
        "ContainerId": 5,
        "PositionX": 1194.0333333333333,
        "PositionY": 96.62857142857143,
        "CellX": null,
        "CellY": null,
        "Angle": 0
      },
      {
        "Id": 55,
        "Name": "Succinate",
        "Type": "Default",
        "ContainerId": 5,
        "PositionX": 1194.0333333333333,
        "PositionY": 162.34285714285716,
        "CellX": null,
        "CellY": null,
        "Angle": 0
      },
      {
        "Id": 56,
        "Name": "DLST",
        "Type": "Default",
        "ContainerId": 5,
        "PositionX": 1178.2,
        "PositionY": 129.48571428571427,
        "CellX": null,
        "CellY": null,
        "Angle": 0
      },
      {
        "Id": 57,
        "Name": "SDH",
        "Type": "Default",
        "ContainerId": 5,
        "PositionX": 1178.2,
        "PositionY": 178.77142857142857,
        "CellX": null,
        "CellY": null,
        "Angle": 0
      },
      {
        "Id": 58,
        "Name": "FH1",
        "Type": "Default",
        "ContainerId": 5,
        "PositionX": 1146.5333333333333,
        "PositionY": 195.2,
        "CellX": null,
        "CellY": null,
        "Angle": 0
      },
      {
        "Id": 59,
        "Name": "Fumarate",
        "Type": "Default",
        "ContainerId": 5,
        "PositionX": 1178.2,
        "PositionY": 211.62857142857143,
        "CellX": null,
        "CellY": null,
        "Angle": 0
      },
      {
        "Id": 60,
        "Name": "MDH2",
        "Type": "Default",
        "ContainerId": 5,
        "PositionX": 1083.2,
        "PositionY": 195.2,
        "CellX": null,
        "CellY": null,
        "Angle": 0
      },
      {
        "Id": 61,
        "Name": "Malate",
        "Type": "Default",
        "ContainerId": 5,
        "PositionX": 1099.0333333333333,
        "PositionY": 228.05714285714285,
        "CellX": null,
        "CellY": null,
        "Angle": 0
      },
      {
        "Id": 62,
        "Name": "CS",
        "Type": "Default",
        "ContainerId": 5,
        "PositionX": 1083.2,
        "PositionY": 145.9142857142857,
        "CellX": null,
        "CellY": null,
        "Angle": 0
      },
      {
        "Id": 63,
        "Name": "Acetoacetyl CoA",
        "Type": "Default",
        "ContainerId": 6,
        "PositionX": 1130.7,
        "PositionY": 409.48571428571426,
        "CellX": null,
        "CellY": null,
        "Angle": 0
      },
      {
        "Id": 64,
        "Name": "Acetoacetate",
        "Type": "Default",
        "ContainerId": 6,
        "PositionX": 1159.2,
        "PositionY": 342.45714285714285,
        "CellX": null,
        "CellY": null,
        "Angle": 0
      },
      {
        "Id": 65,
        "Name": "AACS",
        "Type": "Default",
        "ContainerId": 6,
        "PositionX": 1175.0333333333333,
        "PositionY": 375.3142857142857,
        "CellX": null,
        "CellY": null,
        "Angle": 0
      },
      {
        "Id": 66,
        "Name": "ACAT2",
        "Type": "Default",
        "ContainerId": 6,
        "PositionX": 1064.2,
        "PositionY": 391.74285714285713,
        "CellX": null,
        "CellY": null,
        "Angle": 0
      },
      {
        "Id": 67,
        "Name": "Sterols and Steroids",
        "Type": "Default",
        "ContainerId": 6,
        "PositionX": 1127.5333333333333,
        "PositionY": 490.3142857142857,
        "CellX": null,
        "CellY": null,
        "Angle": 0
      },
      {
        "Id": 68,
        "Name": "PMVK",
        "Type": "Default",
        "ContainerId": 6,
        "PositionX": 1146.5333333333333,
        "PositionY": 442.34285714285715,
        "CellX": null,
        "CellY": null,
        "Angle": 0
      },
      {
        "Id": 69,
        "Name": "FDFT1",
        "Type": "Default",
        "ContainerId": 6,
        "PositionX": 1178.2,
        "PositionY": 458.7714285714286,
        "CellX": null,
        "CellY": null,
        "Angle": 0
      },
      {
        "Id": 70,
        "Name": "Malonyl CoA",
        "Type": "Default",
        "ContainerId": 7,
        "PositionX": 630.7,
        "PositionY": 343.7714285714286,
        "CellX": null,
        "CellY": null,
        "Angle": 0
      },
      {
        "Id": 71,
        "Name": "ACAC",
        "Type": "Default",
        "ContainerId": 7,
        "PositionX": 599.0333333333333,
        "PositionY": 327.34285714285715,
        "CellX": null,
        "CellY": null,
        "Angle": 0
      },
      {
        "Id": 72,
        "Name": "FASN",
        "Type": "Default",
        "ContainerId": 7,
        "PositionX": 583.2,
        "PositionY": 360.2,
        "CellX": null,
        "CellY": null,
        "Angle": 0
      },
      {
        "Id": 73,
        "Name": "Fatty Acids",
        "Type": "Default",
        "ContainerId": 7,
        "PositionX": 630.7,
        "PositionY": 393.0571428571429,
        "CellX": null,
        "CellY": null,
        "Angle": 0
      },
      {
        "Id": 74,
        "Name": "Metabolism in Peroxisomes",
        "Type": "Default",
        "ContainerId": 7,
        "PositionX": 694.0333333333333,
        "PositionY": 376.62857142857143,
        "CellX": null,
        "CellY": null,
        "Angle": 0
      },
      {
        "Id": 75,
        "Name": "PXMP2",
        "Type": "Default",
        "ContainerId": 7,
        "PositionX": 646.5333333333333,
        "PositionY": 376.62857142857143,
        "CellX": null,
        "CellY": null,
        "Angle": 0
      },
      {
        "Id": 76,
        "Name": "Long chain fatty acids",
        "Type": "Default",
        "ContainerId": 7,
        "PositionX": 599.0333333333333,
        "PositionY": 425.9142857142857,
        "CellX": null,
        "CellY": null,
        "Angle": 0
      },
      {
        "Id": 77,
        "Name": "ELOVL6",
        "Type": "Default",
        "ContainerId": 7,
        "PositionX": 567.3666666666667,
        "PositionY": 425.9142857142857,
        "CellX": null,
        "CellY": null,
        "Angle": 0
      },
      {
        "Id": 78,
        "Name": "CPT1A",
        "Type": "Default",
        "ContainerId": 7,
        "PositionX": 583.2,
        "PositionY": 475.2,
        "CellX": null,
        "CellY": null,
        "Angle": 0
      },
      {
        "Id": 79,
        "Name": "CPT2",
        "Type": "Default",
        "ContainerId": 7,
        "PositionX": 646.5333333333333,
        "PositionY": 458.7714285714286,
        "CellX": null,
        "CellY": null,
        "Angle": 0
      },
      {
        "Id": 80,
        "Name": "Metabolism in Mitochondria",
        "Type": "Default",
        "ContainerId": 7,
        "PositionX": 630.7,
        "PositionY": 491.62857142857143,
        "CellX": null,
        "CellY": null,
        "Angle": 0
      },
      {
        "Id": 81,
        "Name": "Lyso-phosphatidate",
        "Type": "Default",
        "ContainerId": 7,
        "PositionX": 678.2,
        "PositionY": 425.9142857142857,
        "CellX": null,
        "CellY": null,
        "Angle": 0
      },
      {
        "Id": 82,
        "Name": "AGPAT2",
        "Type": "Default",
        "ContainerId": 7,
        "PositionX": 709.8666666666667,
        "PositionY": 409.48571428571426,
        "CellX": null,
        "CellY": null,
        "Angle": 0
      },
      {
        "Id": 83,
        "Name": "Tri-acyl-glycerols",
        "Type": "Default",
        "ContainerId": 7,
        "PositionX": 694.0333333333333,
        "PositionY": 458.7714285714286,
        "CellX": null,
        "CellY": null,
        "Angle": 0
      },
      {
        "Id": 87,
        "Name": "CPT1A1",
        "Type": "Default",
        "ContainerId": 7,
        "PositionX": 595.8666666666667,
        "PositionY": 506.74285714285713,
        "CellX": null,
        "CellY": null,
        "Angle": 0
      }
    ],
    "Containers": [
      {
        "Id": 1,
        "Size": 1,
        "PositionX": 0,
        "PositionY": 0
      },
      {
        "Id": 2,
        "Size": 1,
        "PositionX": 1,
        "PositionY": 0
      },
      {
        "Id": 3,
        "Size": 1,
        "PositionX": 2,
        "PositionY": 0
      },
      {
        "Id": 4,
        "Size": 1,
        "PositionX": 3,
        "PositionY": 0
      },
      {
        "Id": 5,
        "Size": 1,
        "PositionX": 4,
        "PositionY": 0
      },
      {
        "Id": 6,
        "Size": 1,
        "PositionX": 4,
        "PositionY": 1
      },
      {
        "Id": 7,
        "Size": 1,
        "PositionX": 2,
        "PositionY": 1
      }
    ]
  }
}