﻿{"Model":{"Name":"Leukaemia","Variables":[{"Name":"VEGF","Id":40,"RangeFrom":0,"RangeTo":2,"Formula":"1"},{"Name":"IL3","Id":17,"RangeFrom":0,"RangeTo":2,"Formula":"1"},{"Name":"EPO","Id":44,"RangeFrom":0,"RangeTo":2,"Formula":"1"},{"Name":"GH","Id":49,"RangeFrom":0,"RangeTo":2,"Formula":"1"},{"Name":"Wnt","Id":52,"RangeFrom":0,"RangeTo":2,"Formula":"1"},{"Name":"IL6","Id":59,"RangeFrom":0,"RangeTo":2,"Formula":"1"},{"Name":"Growth Arrest","Id":8,"RangeFrom":0,"RangeTo":2,"Formula":"var(1)-var(14)"},{"Name":"Apoptosis","Id":10,"RangeFrom":0,"RangeTo":2,"Formula":"max(floor(1-(avg(var(13),var(30),var(25),0 - var(42),var(14),var(56),var(34)))+(2/5)),(1-var(25)))"},{"Name":"Correct Differentiation","Id":19,"RangeFrom":0,"RangeTo":2,"Formula":"min(min(1,var(20)),var(1))"},{"Name":"CEBPA","Id":1,"RangeFrom":0,"RangeTo":2,"Formula":"1- var(2)"},{"Name":"hnRNP_E2","Id":2,"RangeFrom":0,"RangeTo":2,"Formula":""},{"Name":"ERK","Id":3,"RangeFrom":0,"RangeTo":2,"Formula":""},{"Name":"MEK","Id":4,"RangeFrom":0,"RangeTo":2,"Formula":""},{"Name":"Raf","Id":5,"RangeFrom":0,"RangeTo":2,"Formula":""},{"Name":"Sos","Id":7,"RangeFrom":0,"RangeTo":2,"Formula":"floor(avg(var(11),var(16))+(1/2))"},{"Name":"IL3R","Id":16,"RangeFrom":0,"RangeTo":2,"Formula":"var(17)"},{"Name":"CrkL","Id":26,"RangeFrom":0,"RangeTo":2,"Formula":""},{"Name":"Cbl","Id":27,"RangeFrom":0,"RangeTo":2,"Formula":""},{"Name":"Akt","Id":28,"RangeFrom":0,"RangeTo":2,"Formula":"floor(avg(var(27),var(38)))"},{"Name":"Bad","Id":29,"RangeFrom":0,"RangeTo":2,"Formula":""},{"Name":"cMyc","Id":14,"RangeFrom":0,"RangeTo":2,"Formula":"min(floor(avg(var(53),var(23),var(18),var(57))+(2/4)),var(53))"},{"Name":"Bag","Id":13,"RangeFrom":0,"RangeTo":2,"Formula":""},{"Name":"BclXL","Id":25,"RangeFrom":0,"RangeTo":2,"Formula":"var(24)-var(29)"},{"Name":"NF_kB","Id":31,"RangeFrom":0,"RangeTo":2,"Formula":""},{"Name":"Mcl1L","Id":34,"RangeFrom":0,"RangeTo":2,"Formula":"1-var(35)"},{"Name":"Beta_Catenin","Id":36,"RangeFrom":0,"RangeTo":2,"Formula":"var(11) - var(37) - var(35) + (1/3)"},{"Name":"Axin2","Id":37,"RangeFrom":0,"RangeTo":2,"Formula":""},{"Name":"PI3K","Id":38,"RangeFrom":0,"RangeTo":2,"Formula":"floor(avg(var(6),var(16),var(41)))"},{"Name":"VEGFR2","Id":39,"RangeFrom":0,"RangeTo":2,"Formula":"var(40)"},{"Name":"SMAD","Id":18,"RangeFrom":0,"RangeTo":2,"Formula":""},{"Name":"SRC","Id":41,"RangeFrom":0,"RangeTo":2,"Formula":""},{"Name":"FoxO","Id":32,"RangeFrom":0,"RangeTo":2,"Formula":"2-var(28)"},{"Name":"Bim_FasL","Id":42,"RangeFrom":0,"RangeTo":2,"Formula":""},{"Name":"Ras","Id":6,"RangeFrom":0,"RangeTo":2,"Formula":"floor(avg(var(7),var(26)))"},{"Name":"BcrAbl","Id":11,"RangeFrom":0,"RangeTo":0,"Formula":"2-(avg(var(21),var(22)))"},{"Name":"EPOR","Id":43,"RangeFrom":0,"RangeTo":2,"Formula":""},{"Name":"Jak2","Id":23,"RangeFrom":0,"RangeTo":2,"Formula":"floor(avg(var(11),var(43),var(48),var(16))+(1/2))"},{"Name":"STAT5","Id":24,"RangeFrom":0,"RangeTo":2,"Formula":"floor(avg(var(54),var(23))+(1/2))"},{"Name":"Pag_aka_Msp23","Id":22,"RangeFrom":0,"RangeTo":2,"Formula":"1-var(11)"},{"Name":"Abi1_and_2","Id":21,"RangeFrom":0,"RangeTo":2,"Formula":"1-var(11)"},{"Name":"GHR","Id":48,"RangeFrom":0,"RangeTo":2,"Formula":""},{"Name":"Frizzled","Id":51,"RangeFrom":0,"RangeTo":2,"Formula":""},{"Name":"Bcl2L","Id":30,"RangeFrom":0,"RangeTo":2,"Formula":"var(31)-var(29)"},{"Name":"HNRPK","Id":53,"RangeFrom":0,"RangeTo":2,"Formula":"max(1,var(3))"},{"Name":"HCK","Id":54,"RangeFrom":0,"RangeTo":2,"Formula":""},{"Name":"STAT3","Id":12,"RangeFrom":0,"RangeTo":2,"Formula":"min(floor(avg(var(3),var(58),var(23))+(1/3)),var(23))"},{"Name":"Jun","Id":56,"RangeFrom":0,"RangeTo":2,"Formula":""},{"Name":"IL6R","Id":58,"RangeFrom":0,"RangeTo":2,"Formula":""},{"Name":"JunB","Id":55,"RangeFrom":0,"RangeTo":2,"Formula":"1-var(11)"},{"Name":"FLI-1","Id":20,"RangeFrom":0,"RangeTo":2,"Formula":"1-var(11)"},{"Name":"Gsk3B","Id":35,"RangeFrom":0,"RangeTo":2,"Formula":"1 - var(28) - var(51)"},{"Name":"TCF","Id":57,"RangeFrom":0,"RangeTo":2,"Formula":""},{"Name":"Self Renewal Capacity","Id":9,"RangeFrom":0,"RangeTo":2,"Formula":"floor(avg(var(12),var(24),var(36))+1/3)"},{"Name":"Proliferation","Id":15,"RangeFrom":0,"RangeTo":2,"Formula":"floor(avg(var(14),var(56))+(1/2))"}],"Relationships":[{"Id":3,"FromVariable":3,"ToVariable":2,"Type":"Activator"},{"Id":4,"FromVariable":4,"ToVariable":3,"Type":"Activator"},{"Id":5,"FromVariable":5,"ToVariable":4,"Type":"Activator"},{"Id":35,"FromVariable":26,"ToVariable":27,"Type":"Activator"},{"Id":36,"FromVariable":27,"ToVariable":28,"Type":"Activator"},{"Id":37,"FromVariable":28,"ToVariable":29,"Type":"Inhibitor"},{"Id":11,"FromVariable":5,"ToVariable":13,"Type":"Activator"},{"Id":12,"FromVariable":13,"ToVariable":10,"Type":"Inhibitor"},{"Id":32,"FromVariable":25,"ToVariable":10,"Type":"Inhibitor"},{"Id":39,"FromVariable":29,"ToVariable":25,"Type":"Inhibitor"},{"Id":42,"FromVariable":28,"ToVariable":31,"Type":"Activator"},{"Id":47,"FromVariable":34,"ToVariable":10,"Type":"Inhibitor"},{"Id":54,"FromVariable":37,"ToVariable":36,"Type":"Inhibitor"},{"Id":60,"FromVariable":38,"ToVariable":28,"Type":"Activator"},{"Id":18,"FromVariable":18,"ToVariable":14,"Type":"Activator"},{"Id":63,"FromVariable":41,"ToVariable":38,"Type":"Activator"},{"Id":43,"FromVariable":28,"ToVariable":32,"Type":"Inhibitor"},{"Id":64,"FromVariable":32,"ToVariable":42,"Type":"Activator"},{"Id":65,"FromVariable":42,"ToVariable":10,"Type":"Activator"},{"Id":6,"FromVariable":6,"ToVariable":5,"Type":"Activator"},{"Id":7,"FromVariable":7,"ToVariable":6,"Type":"Activator"},{"Id":34,"FromVariable":26,"ToVariable":6,"Type":"Activator"},{"Id":38,"FromVariable":6,"ToVariable":29,"Type":"Inhibitor"},{"Id":58,"FromVariable":6,"ToVariable":38,"Type":"Activator"},{"Id":8,"FromVariable":11,"ToVariable":7,"Type":"Activator"},{"Id":33,"FromVariable":11,"ToVariable":26,"Type":"Activator"},{"Id":53,"FromVariable":11,"ToVariable":37,"Type":"Inhibitor"},{"Id":1,"FromVariable":1,"ToVariable":8,"Type":"Activator"},{"Id":27,"FromVariable":23,"ToVariable":14,"Type":"Activator"},{"Id":25,"FromVariable":11,"ToVariable":23,"Type":"Activator"},{"Id":31,"FromVariable":24,"ToVariable":25,"Type":"Activator"},{"Id":30,"FromVariable":23,"ToVariable":24,"Type":"Activator"},{"Id":22,"FromVariable":11,"ToVariable":22,"Type":"Inhibitor"},{"Id":24,"FromVariable":22,"ToVariable":11,"Type":"Inhibitor"},{"Id":21,"FromVariable":11,"ToVariable":21,"Type":"Inhibitor"},{"Id":23,"FromVariable":21,"ToVariable":11,"Type":"Inhibitor"},{"Id":83,"FromVariable":11,"ToVariable":36,"Type":"Activator"},{"Id":40,"FromVariable":29,"ToVariable":30,"Type":"Inhibitor"},{"Id":41,"FromVariable":30,"ToVariable":10,"Type":"Inhibitor"},{"Id":46,"FromVariable":31,"ToVariable":30,"Type":"Activator"},{"Id":86,"FromVariable":3,"ToVariable":53,"Type":"Activator"},{"Id":87,"FromVariable":53,"ToVariable":14,"Type":"Activator"},{"Id":88,"FromVariable":11,"ToVariable":54,"Type":"Activator"},{"Id":89,"FromVariable":54,"ToVariable":24,"Type":"Activator"},{"Id":9,"FromVariable":3,"ToVariable":12,"Type":"Activator"},{"Id":28,"FromVariable":23,"ToVariable":12,"Type":"Activator"},{"Id":90,"FromVariable":6,"ToVariable":56,"Type":"Activator"},{"Id":93,"FromVariable":56,"ToVariable":10,"Type":"Inhibitor"},{"Id":96,"FromVariable":14,"ToVariable":8,"Type":"Inhibitor"},{"Id":52,"FromVariable":36,"ToVariable":9,"Type":"Activator"},{"Id":10,"FromVariable":12,"ToVariable":9,"Type":"Activator"},{"Id":15,"FromVariable":14,"ToVariable":15,"Type":"Activator"},{"Id":92,"FromVariable":56,"ToVariable":15,"Type":"Activator"},{"Id":99,"FromVariable":55,"ToVariable":56,"Type":"Inhibitor"},{"Id":100,"FromVariable":11,"ToVariable":55,"Type":"Inhibitor"},{"Id":19,"FromVariable":11,"ToVariable":20,"Type":"Inhibitor"},{"Id":49,"FromVariable":35,"ToVariable":34,"Type":"Inhibitor"},{"Id":55,"FromVariable":35,"ToVariable":36,"Type":"Inhibitor"},{"Id":56,"FromVariable":28,"ToVariable":35,"Type":"Inhibitor"},{"Id":101,"FromVariable":24,"ToVariable":9,"Type":"Activator"},{"Id":94,"FromVariable":57,"ToVariable":14,"Type":"Activator"},{"Id":95,"FromVariable":36,"ToVariable":57,"Type":"Activator"},{"Id":102,"FromVariable":14,"ToVariable":10,"Type":"Activator"},{"Id":20,"FromVariable":20,"ToVariable":19,"Type":"Activator"},{"Id":103,"FromVariable":1,"ToVariable":19,"Type":"Activator"},{"Id":57,"FromVariable":16,"ToVariable":7,"Type":"Activator"},{"Id":59,"FromVariable":16,"ToVariable":38,"Type":"Activator"},{"Id":17,"FromVariable":16,"ToVariable":18,"Type":"Activator"},{"Id":16,"FromVariable":17,"ToVariable":16,"Type":"Activator"},{"Id":26,"FromVariable":16,"ToVariable":23,"Type":"Activator"},{"Id":62,"FromVariable":39,"ToVariable":41,"Type":"Activator"},{"Id":61,"FromVariable":40,"ToVariable":39,"Type":"Activator"},{"Id":66,"FromVariable":44,"ToVariable":43,"Type":"Activator"},{"Id":67,"FromVariable":43,"ToVariable":23,"Type":"Activator"},{"Id":77,"FromVariable":49,"ToVariable":48,"Type":"Activator"},{"Id":78,"FromVariable":48,"ToVariable":23,"Type":"Activator"},{"Id":84,"FromVariable":52,"ToVariable":51,"Type":"Activator"},{"Id":85,"FromVariable":51,"ToVariable":35,"Type":"Inhibitor"},{"Id":97,"FromVariable":59,"ToVariable":58,"Type":"Activator"},{"Id":98,"FromVariable":58,"ToVariable":12,"Type":"Activator"},{"Id":105,"FromVariable":2,"ToVariable":1,"Type":"Inhibitor"}]},"Layout":{"Variables":[{"Id":40,"Name":"VEGF","Type":"Constant","ContainerId":0,"PositionX":890.8333333333334,"PositionY":1177.857142857143,"CellX":null,"CellY":null,"Angle":0,"Description":""},{"Id":17,"Name":"IL3","Type":"Constant","ContainerId":0,"PositionX":438.33333333333337,"PositionY":700,"CellX":null,"CellY":null,"Angle":0,"Description":""},{"Id":44,"Name":"EPO","Type":"Constant","ContainerId":0,"PositionX":438.33333333333337,"PositionY":1029.2857142857142,"CellX":null,"CellY":null,"Angle":0,"Description":""},{"Id":49,"Name":"GH","Type":"Constant","ContainerId":0,"PositionX":454.16666666666663,"PositionY":354.2857142857143,"CellX":null,"CellY":null,"Angle":0,"Description":""},{"Id":52,"Name":"Wnt","Type":"Constant","ContainerId":0,"PositionX":1172.5,"PositionY":1161.4285714285713,"CellX":null,"CellY":null,"Angle":0,"Description":""},{"Id":59,"Name":"IL6","Type":"Constant","ContainerId":0,"PositionX":890.8333333333334,"PositionY":189.28571428571428,"CellX":null,"CellY":null,"Angle":0,"Description":""},{"Id":8,"Name":"Growth Arrest","Type":"Default","ContainerId":7,"PositionX":1370.5666666666666,"PositionY":695.4,"CellX":null,"CellY":null,"Angle":0,"Description":""},{"Id":10,"Name":"Apoptosis","Type":"Default","ContainerId":8,"PositionX":1383.2333333333333,"PositionY":974.0857142857143,"CellX":null,"CellY":null,"Angle":0,"Description":""},{"Id":19,"Name":"Correct Differentiation","Type":"Default","ContainerId":10,"PositionX":1636.4,"PositionY":646.1142857142858,"CellX":null,"CellY":null,"Angle":0,"Description":""},{"Id":1,"Name":"CEBPA","Type":"Default","ContainerId":4,"PositionX":1151.111111111111,"PositionY":607.222222222222,"CellX":0,"CellY":0,"Angle":0,"Description":""},{"Id":2,"Name":"hnRNP_E2","Type":"Default","ContainerId":4,"PositionX":1154.0679711637488,"PositionY":667.8681771369721,"CellX":0,"CellY":0,"Angle":0,"Description":""},{"Id":3,"Name":"ERK","Type":"Default","ContainerId":4,"PositionX":1079.7333333333333,"PositionY":678.2571428571429,"CellX":null,"CellY":null,"Angle":0,"Description":""},{"Id":4,"Name":"MEK","Type":"Default","ContainerId":4,"PositionX":1048.0666666666666,"PositionY":678.2571428571429,"CellX":null,"CellY":null,"Angle":0,"Description":""},{"Id":5,"Name":"Raf","Type":"Default","ContainerId":4,"PositionX":1016.4,"PositionY":678.2571428571429,"CellX":null,"CellY":null,"Angle":0,"Description":""},{"Id":7,"Name":"Sos","Type":"Default","ContainerId":4,"PositionX":953.0666666666666,"PositionY":678.2571428571429,"CellX":null,"CellY":null,"Angle":0,"Description":""},{"Id":16,"Name":"IL3R","Type":"MembraneReceptor","ContainerId":4,"PositionX":555.5555555555553,"PositionY":679.1666666666665,"CellX":0,"CellY":0,"Angle":273.7313969991605,"Description":""},{"Id":26,"Name":"CrkL","Type":"Default","ContainerId":4,"PositionX":903.6045314109165,"PositionY":735.4273944387229,"CellX":0,"CellY":0,"Angle":0,"Description":""},{"Id":27,"Name":"Cbl","Type":"Default","ContainerId":4,"PositionX":949.9,"PositionY":742.6571428571428,"CellX":null,"CellY":null,"Angle":0,"Description":""},{"Id":28,"Name":"Akt","Type":"Default","ContainerId":4,"PositionX":946.4469618949536,"PositionY":791.4521112255406,"CellX":0,"CellY":0,"Angle":0,"Description":""},{"Id":29,"Name":"Bad","Type":"Default","ContainerId":4,"PositionX":1022.2451081359425,"PositionY":824.4078269824922,"CellX":0,"CellY":0,"Angle":0,"Description":""},{"Id":14,"Name":"cMyc","Type":"Default","ContainerId":4,"PositionX":1154.0679711637488,"PositionY":784.8609680741503,"CellX":0,"CellY":0,"Angle":0,"Description":""},{"Id":13,"Name":"Bag","Type":"Default","ContainerId":4,"PositionX":1127.2333333333333,"PositionY":826.1142857142858,"CellX":null,"CellY":null,"Angle":0,"Description":""},{"Id":25,"Name":"BclXL","Type":"Default","ContainerId":4,"PositionX":1051.9052523171986,"PositionY":961.1740473738413,"CellX":0,"CellY":0,"Angle":0,"Description":""},{"Id":31,"Name":"NF_kB","Type":"Default","ContainerId":4,"PositionX":982.6982492276005,"PositionY":852.420185375901,"CellX":0,"CellY":0,"Angle":0,"Description":""},{"Id":34,"Name":"Mcl1L","Type":"Default","ContainerId":4,"PositionX":974.4593202883626,"PositionY":1028.7332646755922,"CellX":0,"CellY":0,"Angle":0,"Description":""},{"Id":36,"Name":"Beta_Catenin","Type":"Default","ContainerId":4,"PositionX":857.4665293511845,"PositionY":915.0360453141091,"CellX":0,"CellY":0,"Angle":0,"Description":""},{"Id":37,"Name":"Axin2","Type":"Default","ContainerId":4,"PositionX":809.6807415036046,"PositionY":814.5211122554067,"CellX":0,"CellY":0,"Angle":0,"Description":""},{"Id":38,"Name":"PI3K","Type":"Default","ContainerId":4,"PositionX":712.4,"PositionY":775.5142857142857,"CellX":null,"CellY":null,"Angle":0,"Description":""},{"Id":39,"Name":"VEGFR2","Type":"MembraneReceptor","ContainerId":4,"PositionX":864.0576725025747,"PositionY":1081.4624098867146,"CellX":0,"CellY":0,"Angle":181.64309062288933,"Description":""},{"Id":18,"Name":"SMAD","Type":"Default","ContainerId":4,"PositionX":860.7621009268796,"PositionY":1002.3686920700308,"CellX":0,"CellY":0,"Angle":0,"Description":""},{"Id":41,"Name":"SRC","Type":"Default","ContainerId":4,"PositionX":731.4,"PositionY":957.5428571428571,"CellX":null,"CellY":null,"Angle":0,"Description":""},{"Id":32,"Name":"FoxO","Type":"Default","ContainerId":4,"PositionX":1058.496395468589,"PositionY":788.1565396498454,"CellX":0,"CellY":0,"Angle":0,"Description":""},{"Id":42,"Name":"Bim_FasL","Type":"Default","ContainerId":4,"PositionX":1092.4,"PositionY":841.2285714285714,"CellX":null,"CellY":null,"Angle":0,"Description":""},{"Id":6,"Name":"Ras","Type":"Default","ContainerId":4,"PositionX":984.7333333333333,"PositionY":678.2571428571429,"CellX":null,"CellY":null,"Angle":0,"Description":""},{"Id":11,"Name":"BcrAbl","Type":"Default","ContainerId":4,"PositionX":859.7222222222222,"PositionY":690.2777777777776,"CellX":0,"CellY":0,"Angle":0,"Description":""},{"Id":43,"Name":"EPOR","Type":"MembraneReceptor","ContainerId":4,"PositionX":628.5541038733933,"PositionY":933.0483937146321,"CellX":null,"CellY":null,"Angle":-135,"Description":""},{"Id":23,"Name":"Jak2","Type":"Default","ContainerId":4,"PositionX":829.1666666666664,"PositionY":398.61111111111086,"CellX":0,"CellY":0,"Angle":0,"Description":""},{"Id":24,"Name":"STAT5","Type":"Default","ContainerId":4,"PositionX":730.5870236869208,"PositionY":702.4716786817713,"CellX":0,"CellY":0,"Angle":0,"Description":""},{"Id":22,"Name":"Pag_aka_Msp23","Type":"Default","ContainerId":4,"PositionX":809.6807415036045,"PositionY":603.6045314109165,"CellX":0,"CellY":0,"Angle":0,"Description":""},{"Id":21,"Name":"Abi1_and_2","Type":"Default","ContainerId":4,"PositionX":887.1266735324407,"PositionY":569.0010298661174,"CellX":0,"CellY":0,"Angle":0,"Description":""},{"Id":48,"Name":"GHR","Type":"MembraneReceptor","ContainerId":4,"PositionX":644.6641948922905,"PositionY":444.1235899068247,"CellX":null,"CellY":null,"Angle":-45,"Description":""},{"Id":51,"Name":"Frizzled","Type":"MembraneReceptor","ContainerId":4,"PositionX":1135.9423274974254,"PositionY":923.274974253347,"CellX":0,"CellY":0,"Angle":130.55190857180128,"Description":""},{"Id":30,"Name":"Bcl2L","Type":"Default","ContainerId":4,"PositionX":1086.5087538619978,"PositionY":891.967044284243,"CellX":0,"CellY":0,"Angle":0,"Description":""},{"Id":53,"Name":"HNRPK","Type":"Default","ContainerId":4,"PositionX":1127.2333333333333,"PositionY":711.1142857142856,"CellX":null,"CellY":null,"Angle":0,"Description":""},{"Id":54,"Name":"HCK","Type":"Default","ContainerId":4,"PositionX":793.2028836251288,"PositionY":697.5283213182286,"CellX":0,"CellY":0,"Angle":0,"Description":""},{"Id":12,"Name":"STAT3","Type":"Default","ContainerId":4,"PositionX":1059.932131495228,"PositionY":468.71261930010604,"CellX":0,"CellY":0,"Angle":0,"Description":""},{"Id":56,"Name":"Jun","Type":"Default","ContainerId":4,"PositionX":1029.0666666666666,"PositionY":561.9428571428571,"CellX":null,"CellY":null,"Angle":0,"Description":""},{"Id":58,"Name":"IL6R","Type":"MembraneReceptor","ContainerId":4,"PositionX":870.6488156539651,"PositionY":313.5942327497425,"CellX":0,"CellY":0,"Angle":359.35483891969324,"Description":""},{"Id":55,"Name":"JunB","Type":"Default","ContainerId":4,"PositionX":984.7333333333333,"PositionY":563.2571428571429,"CellX":null,"CellY":null,"Angle":0,"Description":""},{"Id":20,"Name":"FLI-1","Type":"Default","ContainerId":4,"PositionX":977.7777777777777,"PositionY":634.4444444444443,"CellX":0,"CellY":0,"Angle":0,"Description":""},{"Id":35,"Name":"Gsk3B","Type":"Default","ContainerId":4,"PositionX":971.1637487126675,"PositionY":961.1740473738413,"CellX":0,"CellY":0,"Angle":0,"Description":""},{"Id":57,"Name":"TCF","Type":"Default","ContainerId":4,"PositionX":1030.4840370751804,"PositionY":745.3141091658084,"CellX":0,"CellY":0,"Angle":0,"Description":""},{"Id":9,"Name":"Self Renewal Capacity","Type":"Default","ContainerId":6,"PositionX":1620.5666666666666,"PositionY":415.4,"CellX":null,"CellY":null,"Angle":0,"Description":""},{"Id":15,"Name":"Proliferation","Type":"Default","ContainerId":9,"PositionX":1370.5666666666666,"PositionY":415.4,"CellX":null,"CellY":null,"Angle":0,"Description":""}],"Containers":[{"Id":7,"Name":"C0","Size":1,"PositionX":5,"PositionY":2},{"Id":8,"Name":"C1","Size":1,"PositionX":5,"PositionY":3},{"Id":10,"Name":"C2","Size":1,"PositionX":6,"PositionY":2},{"Id":4,"Name":"C3","Size":3,"PositionX":2,"PositionY":1},{"Id":6,"Name":"C4","Size":1,"PositionX":6,"PositionY":1},{"Id":9,"Name":"C5","Size":1,"PositionX":5,"PositionY":1}]},"ltl":{"states":[],"operations":[]}}