﻿{"Model":{"Name":"Metabolism demo","Variables":[{"Name":"Glucose","Id":6,"RangeFrom":0,"RangeTo":4,"Formula":"ceil(var(64)/4)*2+ceil(var(64)/4)*(max(0,(1-var(7)))*2+floor(var(7)/4)+floor(var(7)/3)) + floor(var(170)/3)"},{"Name":"Glucose-6-P","Id":7,"RangeFrom":0,"RangeTo":4,"Formula":"(ceil(var(6)/4)*2+ceil(var(6)/4)*(max(0,(1-var(10)))*2+floor(var(10)/4)+floor(var(10)/3)))*ceil(var(490)/4) +floor(var(490)/3)"},{"Name":"Fructose-6-P","Id":10,"RangeFrom":0,"RangeTo":4,"Formula":"(ceil(var(7)/4))*(max(0,(1-(var(12)))))+(ceil(var(7)/4)*2)+floor(var(12)/4)+ floor(var(110)/4) + floor(var(117)/4)"},{"Name":"Fructose-1,6-bisphosphate","Id":12,"RangeFrom":0,"RangeTo":4,"Formula":"var(10)*ceil(var(438)/4)"},{"Name":"glyceraldehyde-3-p","Id":14,"RangeFrom":0,"RangeTo":4,"Formula":"var(16)+ceil(var(16)/4)*(max(0,(1-var(19)))+floor(var(19)/4)+floor(var(19)/3)) + floor(var(126)/3) + floor(var(12)/2)"},{"Name":"dihydroxyacetone-phosphate","Id":16,"RangeFrom":0,"RangeTo":4,"Formula":"var(12) + ceil(var(12)/4)*(max(0,(1-var(14)))+floor(var(14)/4)+floor(var(14)/3))"},{"Name":"bisphosphoglycerate-1,3","Id":19,"RangeFrom":0,"RangeTo":4,"Formula":"ceil(var(14)/4)*2 +ceil(var(14)/4)*(max(0,(1-var(22)))+floor(var(22)/4)+floor(var(22)/3))"},{"Name":"phosphoglycerate-3","Id":22,"RangeFrom":0,"RangeTo":4,"Formula":"ceil(var(19)/4)*2 +ceil(var(19)/4)*(max(0,(1-var(25))))+floor(var(25)/4)+floor(var(25)/3)"},{"Name":"phosphoglycerate-2","Id":25,"RangeFrom":0,"RangeTo":4,"Formula":"ceil(var(22)/4)*2 +ceil(var(22)/4)*(max(0,(1-var(27)))) + floor(var(27)/4) + floor(var(27)/3)"},{"Name":"phosphoenolpyruvate","Id":27,"RangeFrom":0,"RangeTo":4,"Formula":"ceil(var(25)/4)*2"},{"Name":"pyruvate","Id":30,"RangeFrom":0,"RangeTo":4,"Formula":"ceil(var(27)/4)*2*floor(var(72)/2) +ceil((var(33)/4))*(max(0,(1-var(27)))+ceil((var(37)/4))*(max(0,(1-var(27))))) + floor(var(33)/4) + floor(var(33)/3)"},{"Name":"acetyl-CoA","Id":33,"RangeFrom":0,"RangeTo":4,"Formula":"ceil(var(172)/4)+max(0,1-var(172))*2+floor(var(172)/3)+ceil(var(30)/4)*ceil(var(254)/4)+((floor(var(205)/3)))*(max(0,(1-var(30))))+(floor(var(218)/3))*max(0,(1-var(30)))+ (floor((var(56)/3)))*(max(0,(1-var(30)))-(floor(var(279)/4)))"},{"Name":"lactate","Id":37,"RangeFrom":0,"RangeTo":4,"Formula":"var(30) * ceil(var(263)/4)  + floor(var(263)/4)"},{"Name":"B-oxidation","Id":56,"RangeFrom":0,"RangeTo":4,"Formula":"var(239)"},{"Name":"Glycogen","Id":64,"RangeFrom":0,"RangeTo":4,"Formula":"2+floor(var(6)/3)"},{"Name":"pyruvate-kinase","Id":72,"RangeFrom":0,"RangeTo":4,"Formula":"2"},{"Name":"phosphoglucono-d-lactone-6","Id":103,"RangeFrom":0,"RangeTo":4,"Formula":"floor(var(522)/4)*(var(7)-1)"},{"Name":"phosphogluconate-6","Id":104,"RangeFrom":0,"RangeTo":4,"Formula":"var(103)"},{"Name":"ribulose-5-phosphate","Id":105,"RangeFrom":0,"RangeTo":4,"Formula":""},{"Name":"xylulose-5-phosphate","Id":110,"RangeFrom":0,"RangeTo":4,"Formula":""},{"Name":"ribose-5-phosphate","Id":111,"RangeFrom":0,"RangeTo":4,"Formula":""},{"Name":"sedoheptulose-7-phosphate","Id":116,"RangeFrom":0,"RangeTo":4,"Formula":""},{"Name":"glyceraldehyde-3-phosphate","Id":117,"RangeFrom":0,"RangeTo":4,"Formula":""},{"Name":"erythrose-4-phosphate","Id":126,"RangeFrom":0,"RangeTo":4,"Formula":""},{"Name":"oxaloacetate","Id":170,"RangeFrom":0,"RangeTo":4,"Formula":"(2*ceil(var(187)/4)+ceil((var(187)/4))*(max(0,(1-var(172)))+floor(var(172)/4)+floor(var(172)/3)) +ceil((var(30)/4))*(max(0,(1-var(187)))))*max(0,1-var(348))"},{"Name":"citrate","Id":172,"RangeFrom":0,"RangeTo":4,"Formula":"((ceil((var(170)/4))*(max(0,(1-(var(291)))) +((ceil(var(33)/4)+ceil(var(170)/4))))+floor(var(291)/4) +floor(var(291)/3)) + floor(var(392)/4)*max(0,1-var(170)))*ceil(var(232)/4)"},{"Name":"isocitrate","Id":175,"RangeFrom":0,"RangeTo":4,"Formula":"(((ceil(var(291)/4)+(floor(var(178)/4)+floor(var(178)/3)))))* floor(var(234)/2)"},{"Name":"a-ketoglutarate","Id":178,"RangeFrom":"0","RangeTo":"4","Formula":"max(min(2,var(175)),var(197))+floor(var(175)/4)+max(0,(var(180)-3))"},{"Name":"succinyl-CoA","Id":180,"RangeFrom":0,"RangeTo":4,"Formula":"min(2,var(178))+floor(var(178)/4)+max(0,(var(178)-3))-(var(399)/2) +ceil(var(272)/4)*max(0,1-var(178))+1"},{"Name":"succinate","Id":182,"RangeFrom":0,"RangeTo":4,"Formula":"min(2,var(180))+floor(var(180)/4)+max(0,(var(185)-3))"},{"Name":"fumarate","Id":185,"RangeFrom":0,"RangeTo":4,"Formula":"min(2,(1)*var(182))+floor(var(182)/4)+(1-(var(367)/4))*var(182)+max(0,(var(187)-3))*var(367)/4"},{"Name":"malate","Id":187,"RangeFrom":0,"RangeTo":4,"Formula":"min(2,(var(367)/4)*var(185))+floor(var(185)/4)*floor(var(367)/4)+max(0,(var(170)-3))-var(372)"},{"Name":"glutamate","Id":197,"RangeFrom":0,"RangeTo":4,"Formula":"2"},{"Name":"glycerol","Id":200,"RangeFrom":0,"RangeTo":4,"Formula":"var(203)"},{"Name":"glycerol-P","Id":201,"RangeFrom":0,"RangeTo":4,"Formula":"(var(16))+floor(var(200)/3)"},{"Name":"triacylglycerol","Id":203,"RangeFrom":0,"RangeTo":4,"Formula":"(var(205)/4)+floor(var(201)/3)"},{"Name":"fatty-acids","Id":204,"RangeFrom":0,"RangeTo":4,"Formula":"var(203)"},{"Name":"fatty-acyl-CoA","Id":205,"RangeFrom":0,"RangeTo":4,"Formula":"max(max(var(204),var(206)),var(56))"},{"Name":"malonyl-CoA","Id":206,"RangeFrom":0,"RangeTo":4,"Formula":"(var(33))* floor(var(243)/2)"},{"Name":"acetoacetate","Id":218,"RangeFrom":0,"RangeTo":4,"Formula":"var(33)"},{"Name":"B-hydroxybutyrate","Id":221,"RangeFrom":0,"RangeTo":4,"Formula":"var(218)"},{"Name":"citrate-synthase","Id":232,"RangeFrom":0,"RangeTo":4,"Formula":"2"},{"Name":"aconitase","Id":234,"RangeFrom":0,"RangeTo":4,"Formula":"2 * (1-var(297))"},{"Name":"palmitate","Id":237,"RangeFrom":0,"RangeTo":4,"Formula":"var(315)"},{"Name":"palmitoyl-CoA","Id":239,"RangeFrom":0,"RangeTo":4,"Formula":"var(237)"},{"Name":"acetyl-CoA-carboxylase","Id":243,"RangeFrom":0,"RangeTo":4,"Formula":"2 - floor(var(205)/4)"},{"Name":"pyruvate-dehydrogenase","Id":254,"RangeFrom":0,"RangeTo":4,"Formula":"2"},{"Name":"lactate-dehydrogenase","Id":263,"RangeFrom":0,"RangeTo":4,"Formula":"2 + floor(var(170)/3)"},{"Name":"propionyl-CoA","Id":270,"RangeFrom":0,"RangeTo":4,"Formula":""},{"Name":"methylmalonyl-CoA","Id":272,"RangeFrom":0,"RangeTo":4,"Formula":""},{"Name":"acetoacetyl-CoA","Id":279,"RangeFrom":0,"RangeTo":4,"Formula":"max(max(var(56),var(218)),var(33))"},{"Name":"cis-aconitate","Id":291,"RangeFrom":0,"RangeTo":4,"Formula":"(ceil(var(172)/4)* floor(var(234)/2)+(floor(var(175)/4)+floor(var(175))/3))"},{"Name":"NO","Id":297,"RangeFrom":0,"RangeTo":4,"Formula":"0"},{"Name":"Respiratory-Chain","Id":300,"RangeFrom":0,"RangeTo":4,"Formula":""},{"Name":"Complex II/III","Id":301,"RangeFrom":0,"RangeTo":4,"Formula":"2 * (1-ceil(var(297)/4))"},{"Name":"triacylglycerol","Id":315,"RangeFrom":0,"RangeTo":4,"Formula":"var(206)"},{"Name":"inh","Id":348,"RangeFrom":0,"RangeTo":1,"Formula":"0"},{"Name":"fumarase","Id":367,"RangeFrom":0,"RangeTo":"1","Formula":"1"},{"Name":"aspartate","Id":372,"RangeFrom":0,"RangeTo":4,"Formula":"floor(var(187)/3)"},{"Name":"InhSucFum","Id":377,"RangeFrom":0,"RangeTo":4,"Formula":"floor(var(185)/3)+floor(var(182)/3)"},{"Name":"PHD2","Id":378,"RangeFrom":0,"RangeTo":4,"Formula":"(max(0,(floor(var(178)/2)-var(377))))*var(384)"},{"Name":"HIFAlpha","Id":379,"RangeFrom":0,"RangeTo":4,"Formula":"2-var(378)"},{"Name":"O2","Id":384,"RangeFrom":0,"RangeTo":4,"Formula":"1"},{"Name":"ExtGlu","Id":392,"RangeFrom":0,"RangeTo":4,"Formula":"0"},{"Name":"ALA","Id":399,"RangeFrom":0,"RangeTo":4,"Formula":"(2*ceil(var(180)/4))-2*(floor(var(400)/4))"},{"Name":"Heme","Id":400,"RangeFrom":"0","RangeTo":"4","Formula":"min(((var(399) * var(401))+(max(0,(1-var(401)))*4)),3)"},{"Name":"HO","Id":401,"RangeFrom":0,"RangeTo":"4","Formula":"floor(avg(var(505),var(379),min(var(400),2)))"},{"Name":"Bilirubin","Id":402,"RangeFrom":0,"RangeTo":4,"Formula":"var(401)"},{"Name":"FADH?","Id":413,"RangeFrom":0,"RangeTo":4,"Formula":"ceil(min(var(182),(4-var(182))/2))"},{"Name":"NADH?","Id":414,"RangeFrom":0,"RangeTo":4,"Formula":"ceil((ceil(min(var(175),(4-var(175))/2))+ceil(min(var(178),(4-var(178))/2))+ceil(min(var(187),(4-var(187))/2)))/4)"},{"Name":"mevalonate-pathway","Id":425,"RangeFrom":0,"RangeTo":4,"Formula":""},{"Name":"cholesterol","Id":427,"RangeFrom":0,"RangeTo":4,"Formula":""},{"Name":"PPP","Id":432,"RangeFrom":0,"RangeTo":4,"Formula":""},{"Name":"phosphofructokinase-1","Id":438,"RangeFrom":0,"RangeTo":4,"Formula":"1"},{"Name":"Glucose-1-P","Id":462,"RangeFrom":0,"RangeTo":4,"Formula":"ceil(var(64)/4)*2 + floor(var(7)/3)"},{"Name":"Glycolysis","Id":469,"RangeFrom":0,"RangeTo":4,"Formula":""},{"Name":"FA-synthesis","Id":475,"RangeFrom":0,"RangeTo":4,"Formula":""},{"Name":"TCA","Id":482,"RangeFrom":0,"RangeTo":4,"Formula":""},{"Name":"Hexokinase","Id":490,"RangeFrom":0,"RangeTo":4,"Formula":"2 + floor(var(170)/3)"},{"Name":"AOX","Id":493,"RangeFrom":0,"RangeTo":4,"Formula":"2 + floor(var(172)/3)"},{"Name":"AA","Id":494,"RangeFrom":0,"RangeTo":4,"Formula":""},{"Name":"AA-biosynthesis","Id":499,"RangeFrom":0,"RangeTo":4,"Formula":""},{"Name":"KEAP1","Id":504,"RangeFrom":0,"RangeTo":"4","Formula":"4-var(185)"},{"Name":"NRF2","Id":505,"RangeFrom":0,"RangeTo":"4","Formula":"4-var(504)"},{"Name":"ROS","Id":513,"RangeFrom":0,"RangeTo":"4","Formula":"var(185)-var(401)-2"},{"Name":"Proliferation","Id":516,"RangeFrom":0,"RangeTo":"4","Formula":""},{"Name":"Death","Id":517,"RangeFrom":0,"RangeTo":"4","Formula":"4*var(513)"},{"Name":"glucose-6-phosphate-dehydrogenase","Id":522,"RangeFrom":0,"RangeTo":1,"Formula":"1"},{"Name":"NADPH","Id":523,"RangeFrom":0,"RangeTo":"4","Formula":"floor(var(522)/4)*(var(7))"},{"Name":"reducedGlutathione","Id":528,"RangeFrom":0,"RangeTo":"4","Formula":""},{"Name":"oxidisedGlutathione","Id":529,"RangeFrom":0,"RangeTo":"4","Formula":"4-var(523)"}],"Relationships":[{"Id":8,"FromVariable":6,"ToVariable":7,"Type":"Activator"},{"Id":15,"FromVariable":12,"ToVariable":14,"Type":"Activator"},{"Id":17,"FromVariable":12,"ToVariable":16,"Type":"Activator"},{"Id":18,"FromVariable":16,"ToVariable":14,"Type":"Activator"},{"Id":20,"FromVariable":14,"ToVariable":19,"Type":"Activator"},{"Id":26,"FromVariable":22,"ToVariable":25,"Type":"Activator"},{"Id":28,"FromVariable":25,"ToVariable":27,"Type":"Activator"},{"Id":31,"FromVariable":27,"ToVariable":30,"Type":"Activator"},{"Id":34,"FromVariable":30,"ToVariable":33,"Type":"Activator"},{"Id":38,"FromVariable":30,"ToVariable":37,"Type":"Activator"},{"Id":57,"FromVariable":56,"ToVariable":33,"Type":"Activator"},{"Id":74,"FromVariable":72,"ToVariable":30,"Type":"Activator"},{"Id":85,"FromVariable":64,"ToVariable":6,"Type":"Activator"},{"Id":107,"FromVariable":103,"ToVariable":104,"Type":"Activator"},{"Id":108,"FromVariable":104,"ToVariable":105,"Type":"Activator"},{"Id":171,"FromVariable":30,"ToVariable":170,"Type":"Activator"},{"Id":173,"FromVariable":170,"ToVariable":172,"Type":"Activator"},{"Id":179,"FromVariable":175,"ToVariable":178,"Type":"Activator"},{"Id":181,"FromVariable":178,"ToVariable":180,"Type":"Activator"},{"Id":183,"FromVariable":180,"ToVariable":182,"Type":"Activator"},{"Id":184,"FromVariable":182,"ToVariable":180,"Type":"Activator"},{"Id":186,"FromVariable":182,"ToVariable":185,"Type":"Activator"},{"Id":188,"FromVariable":185,"ToVariable":187,"Type":"Activator"},{"Id":189,"FromVariable":187,"ToVariable":185,"Type":"Activator"},{"Id":190,"FromVariable":187,"ToVariable":170,"Type":"Activator"},{"Id":191,"FromVariable":170,"ToVariable":187,"Type":"Activator"},{"Id":194,"FromVariable":14,"ToVariable":16,"Type":"Activator"},{"Id":198,"FromVariable":197,"ToVariable":178,"Type":"Activator"},{"Id":209,"FromVariable":200,"ToVariable":201,"Type":"Activator"},{"Id":210,"FromVariable":201,"ToVariable":203,"Type":"Activator"},{"Id":211,"FromVariable":203,"ToVariable":200,"Type":"Activator"},{"Id":212,"FromVariable":203,"ToVariable":204,"Type":"Activator"},{"Id":213,"FromVariable":205,"ToVariable":203,"Type":"Activator"},{"Id":214,"FromVariable":204,"ToVariable":205,"Type":"Activator"},{"Id":215,"FromVariable":205,"ToVariable":33,"Type":"Activator"},{"Id":216,"FromVariable":33,"ToVariable":206,"Type":"Activator"},{"Id":217,"FromVariable":206,"ToVariable":205,"Type":"Activator"},{"Id":219,"FromVariable":33,"ToVariable":218,"Type":"Activator"},{"Id":220,"FromVariable":218,"ToVariable":33,"Type":"Activator"},{"Id":222,"FromVariable":221,"ToVariable":218,"Type":"Activator"},{"Id":223,"FromVariable":218,"ToVariable":221,"Type":"Activator"},{"Id":225,"FromVariable":7,"ToVariable":103,"Type":"Activator"},{"Id":233,"FromVariable":232,"ToVariable":172,"Type":"Activator"},{"Id":235,"FromVariable":234,"ToVariable":175,"Type":"Activator"},{"Id":241,"FromVariable":237,"ToVariable":239,"Type":"Activator"},{"Id":242,"FromVariable":239,"ToVariable":56,"Type":"Activator"},{"Id":245,"FromVariable":243,"ToVariable":206,"Type":"Activator"},{"Id":255,"FromVariable":254,"ToVariable":33,"Type":"Activator"},{"Id":256,"FromVariable":33,"ToVariable":254,"Type":"Inhibitor"},{"Id":259,"FromVariable":205,"ToVariable":243,"Type":"Inhibitor"},{"Id":260,"FromVariable":56,"ToVariable":205,"Type":"Activator"},{"Id":265,"FromVariable":263,"ToVariable":37,"Type":"Activator"},{"Id":273,"FromVariable":270,"ToVariable":272,"Type":"Activator"},{"Id":274,"FromVariable":272,"ToVariable":180,"Type":"Activator"},{"Id":281,"FromVariable":56,"ToVariable":279,"Type":"Activator"},{"Id":285,"FromVariable":218,"ToVariable":279,"Type":"Activator"},{"Id":289,"FromVariable":172,"ToVariable":232,"Type":"Inhibitor"},{"Id":292,"FromVariable":172,"ToVariable":291,"Type":"Activator"},{"Id":293,"FromVariable":291,"ToVariable":172,"Type":"Activator"},{"Id":294,"FromVariable":291,"ToVariable":175,"Type":"Activator"},{"Id":295,"FromVariable":175,"ToVariable":291,"Type":"Activator"},{"Id":296,"FromVariable":234,"ToVariable":291,"Type":"Activator"},{"Id":298,"FromVariable":297,"ToVariable":234,"Type":"Inhibitor"},{"Id":316,"FromVariable":206,"ToVariable":315,"Type":"Activator"},{"Id":318,"FromVariable":315,"ToVariable":237,"Type":"Activator"},{"Id":319,"FromVariable":297,"ToVariable":301,"Type":"Inhibitor"},{"Id":325,"FromVariable":301,"ToVariable":300,"Type":"Activator"},{"Id":333,"FromVariable":33,"ToVariable":172,"Type":"Activator"},{"Id":336,"FromVariable":172,"ToVariable":33,"Type":"Activator"},{"Id":338,"FromVariable":7,"ToVariable":10,"Type":"Activator"},{"Id":339,"FromVariable":16,"ToVariable":201,"Type":"Activator"},{"Id":340,"FromVariable":10,"ToVariable":7,"Type":"Activator"},{"Id":341,"FromVariable":14,"ToVariable":12,"Type":"Activator"},{"Id":342,"FromVariable":19,"ToVariable":14,"Type":"Activator"},{"Id":344,"FromVariable":25,"ToVariable":22,"Type":"Activator"},{"Id":345,"FromVariable":27,"ToVariable":25,"Type":"Activator"},{"Id":346,"FromVariable":37,"ToVariable":30,"Type":"Activator"},{"Id":347,"FromVariable":33,"ToVariable":30,"Type":"Activator"},{"Id":363,"FromVariable":348,"ToVariable":170,"Type":"Inhibitor"},{"Id":364,"FromVariable":19,"ToVariable":22,"Type":"Activator"},{"Id":365,"FromVariable":22,"ToVariable":19,"Type":"Activator"},{"Id":373,"FromVariable":187,"ToVariable":372,"Type":"Activator"},{"Id":374,"FromVariable":372,"ToVariable":187,"Type":"Inhibitor"},{"Id":375,"FromVariable":367,"ToVariable":187,"Type":"Activator"},{"Id":380,"FromVariable":377,"ToVariable":378,"Type":"Inhibitor"},{"Id":381,"FromVariable":378,"ToVariable":379,"Type":"Inhibitor"},{"Id":382,"FromVariable":185,"ToVariable":377,"Type":"Activator"},{"Id":383,"FromVariable":182,"ToVariable":377,"Type":"Activator"},{"Id":387,"FromVariable":384,"ToVariable":378,"Type":"Activator"},{"Id":389,"FromVariable":178,"ToVariable":378,"Type":"Activator"},{"Id":391,"FromVariable":172,"ToVariable":170,"Type":"Activator"},{"Id":393,"FromVariable":392,"ToVariable":172,"Type":"Activator"},{"Id":394,"FromVariable":178,"ToVariable":175,"Type":"Activator"},{"Id":397,"FromVariable":180,"ToVariable":178,"Type":"Activator"},{"Id":403,"FromVariable":180,"ToVariable":399,"Type":"Activator"},{"Id":404,"FromVariable":399,"ToVariable":180,"Type":"Inhibitor"},{"Id":405,"FromVariable":400,"ToVariable":399,"Type":"Inhibitor"},{"Id":406,"FromVariable":399,"ToVariable":400,"Type":"Activator"},{"Id":408,"FromVariable":400,"ToVariable":401,"Type":"Activator"},{"Id":409,"FromVariable":401,"ToVariable":400,"Type":"Inhibitor"},{"Id":410,"FromVariable":401,"ToVariable":402,"Type":"Activator"},{"Id":411,"FromVariable":185,"ToVariable":182,"Type":"Activator"},{"Id":415,"FromVariable":187,"ToVariable":414,"Type":"Activator"},{"Id":416,"FromVariable":175,"ToVariable":414,"Type":"Activator"},{"Id":417,"FromVariable":178,"ToVariable":414,"Type":"Activator"},{"Id":418,"FromVariable":182,"ToVariable":413,"Type":"Activator"},{"Id":420,"FromVariable":33,"ToVariable":279,"Type":"Activator"},{"Id":421,"FromVariable":279,"ToVariable":33,"Type":"Inhibitor"},{"Id":422,"FromVariable":56,"ToVariable":270,"Type":"Activator"},{"Id":426,"FromVariable":279,"ToVariable":425,"Type":"Activator"},{"Id":428,"FromVariable":425,"ToVariable":427,"Type":"Activator"},{"Id":429,"FromVariable":427,"ToVariable":270,"Type":"Activator"},{"Id":430,"FromVariable":16,"ToVariable":12,"Type":"Activator"},{"Id":433,"FromVariable":104,"ToVariable":432,"Type":"Activator"},{"Id":434,"FromVariable":105,"ToVariable":432,"Type":"Activator"},{"Id":435,"FromVariable":111,"ToVariable":432,"Type":"Activator"},{"Id":436,"FromVariable":117,"ToVariable":432,"Type":"Activator"},{"Id":437,"FromVariable":126,"ToVariable":432,"Type":"Activator"},{"Id":440,"FromVariable":438,"ToVariable":12,"Type":"Activator"},{"Id":444,"FromVariable":105,"ToVariable":110,"Type":"Activator"},{"Id":445,"FromVariable":105,"ToVariable":111,"Type":"Activator"},{"Id":446,"FromVariable":111,"ToVariable":117,"Type":"Activator"},{"Id":447,"FromVariable":117,"ToVariable":126,"Type":"Activator"},{"Id":448,"FromVariable":116,"ToVariable":126,"Type":"Activator"},{"Id":449,"FromVariable":110,"ToVariable":116,"Type":"Activator"},{"Id":450,"FromVariable":111,"ToVariable":116,"Type":"Activator"},{"Id":451,"FromVariable":110,"ToVariable":117,"Type":"Activator"},{"Id":452,"FromVariable":110,"ToVariable":10,"Type":"Activator"},{"Id":453,"FromVariable":117,"ToVariable":10,"Type":"Activator"},{"Id":454,"FromVariable":126,"ToVariable":14,"Type":"Activator"},{"Id":455,"FromVariable":7,"ToVariable":6,"Type":"Activator"},{"Id":456,"FromVariable":6,"ToVariable":64,"Type":"Activator"},{"Id":458,"FromVariable":12,"ToVariable":10,"Type":"Activator"},{"Id":461,"FromVariable":10,"ToVariable":12,"Type":"Activator"},{"Id":463,"FromVariable":7,"ToVariable":462,"Type":"Activator"},{"Id":464,"FromVariable":462,"ToVariable":7,"Type":"Activator"},{"Id":465,"FromVariable":462,"ToVariable":64,"Type":"Activator"},{"Id":466,"FromVariable":64,"ToVariable":462,"Type":"Activator"},{"Id":470,"FromVariable":6,"ToVariable":469,"Type":"Activator"},{"Id":471,"FromVariable":12,"ToVariable":469,"Type":"Activator"},{"Id":472,"FromVariable":30,"ToVariable":469,"Type":"Activator"},{"Id":473,"FromVariable":22,"ToVariable":469,"Type":"Activator"},{"Id":476,"FromVariable":206,"ToVariable":475,"Type":"Activator"},{"Id":477,"FromVariable":201,"ToVariable":475,"Type":"Activator"},{"Id":478,"FromVariable":205,"ToVariable":475,"Type":"Activator"},{"Id":483,"FromVariable":172,"ToVariable":482,"Type":"Activator"},{"Id":484,"FromVariable":170,"ToVariable":482,"Type":"Activator"},{"Id":485,"FromVariable":178,"ToVariable":482,"Type":"Activator"},{"Id":486,"FromVariable":185,"ToVariable":482,"Type":"Activator"},{"Id":487,"FromVariable":291,"ToVariable":482,"Type":"Activator"},{"Id":488,"FromVariable":170,"ToVariable":263,"Type":"Activator"},{"Id":489,"FromVariable":170,"ToVariable":6,"Type":"Activator"},{"Id":491,"FromVariable":490,"ToVariable":7,"Type":"Activator"},{"Id":492,"FromVariable":170,"ToVariable":490,"Type":"Activator"},{"Id":497,"FromVariable":172,"ToVariable":493,"Type":"Activator"},{"Id":498,"FromVariable":493,"ToVariable":494,"Type":"Activator"},{"Id":501,"FromVariable":494,"ToVariable":499,"Type":"Activator"},{"Id":502,"FromVariable":367,"ToVariable":185,"Type":"Inhibitor"},{"Id":509,"FromVariable":185,"ToVariable":504,"Type":"Inhibitor"},{"Id":510,"FromVariable":504,"ToVariable":505,"Type":"Inhibitor"},{"Id":511,"FromVariable":505,"ToVariable":401,"Type":"Activator"},{"Id":512,"FromVariable":379,"ToVariable":401,"Type":"Activator"},{"Id":514,"FromVariable":185,"ToVariable":513,"Type":"Activator"},{"Id":519,"FromVariable":401,"ToVariable":513,"Type":"Inhibitor"},{"Id":520,"FromVariable":513,"ToVariable":517,"Type":"Activator"},{"Id":521,"FromVariable":469,"ToVariable":516,"Type":"Activator"},{"Id":524,"FromVariable":522,"ToVariable":103,"Type":"Activator"},{"Id":526,"FromVariable":522,"ToVariable":523,"Type":"Activator"},{"Id":527,"FromVariable":7,"ToVariable":523,"Type":"Activator"},{"Id":530,"FromVariable":523,"ToVariable":528,"Type":"Activator"},{"Id":531,"FromVariable":523,"ToVariable":529,"Type":"Inhibitor"}]},"Layout":{"Variables":[{"Id":6,"Name":"Glucose","Type":"Default","ContainerId":4,"PositionX":3477.6014874828525,"PositionY":-972.7425197187927,"CellX":0,"CellY":0,"Angle":0,"Description":""},{"Id":7,"Name":"Glucose-6-P","Type":"Default","ContainerId":4,"PositionX":3646.6044024348416,"PositionY":-1037.2304741083674,"CellX":0,"CellY":0,"Angle":0,"Description":""},{"Id":10,"Name":"Fructose-6-P","Type":"Default","ContainerId":4,"PositionX":3646.6044024348416,"PositionY":-972.7425197187927,"CellX":0,"CellY":0,"Angle":0,"Description":""},{"Id":12,"Name":"Fructose-1,6-bisphosphate","Type":"Default","ContainerId":4,"PositionX":3647.7162637174206,"PositionY":-886.0173396776404,"CellX":0,"CellY":0,"Angle":0,"Description":""},{"Id":14,"Name":"glyceraldehyde-3-p","Type":"Default","ContainerId":4,"PositionX":3725.546553497942,"PositionY":-835.983581961591,"CellX":0,"CellY":0,"Angle":0,"Description":""},{"Id":16,"Name":"dihydroxyacetone-phosphate","Type":"Default","ContainerId":4,"PositionX":3578.7808641975303,"PositionY":-835.983581961591,"CellX":0,"CellY":0,"Angle":0,"Description":""},{"Id":19,"Name":"bisphosphoglycerate-1,3","Type":"Default","ContainerId":4,"PositionX":3727.7702760630996,"PositionY":-774.8312114197528,"CellX":0,"CellY":0,"Angle":0,"Description":""},{"Id":22,"Name":"phosphoglycerate-3","Type":"Default","ContainerId":4,"PositionX":3734.441443758573,"PositionY":-710.3432570301779,"CellX":0,"CellY":0,"Angle":0,"Description":""},{"Id":25,"Name":"phosphoglycerate-2","Type":"Default","ContainerId":4,"PositionX":3738.8888888888882,"PositionY":-648.0790252057609,"CellX":0,"CellY":0,"Angle":0,"Description":""},{"Id":27,"Name":"phosphoenolpyruvate","Type":"Default","ContainerId":4,"PositionX":3738.8888888888882,"PositionY":-580.2554869684495,"CellX":0,"CellY":0,"Angle":0,"Description":""},{"Id":30,"Name":"pyruvate","Type":"Default","ContainerId":4,"PositionX":3741.2956383752526,"PositionY":-496.7495647182391,"CellX":0,"CellY":0,"Angle":0,"Description":""},{"Id":33,"Name":"acetyl-CoA","Type":"Default","ContainerId":4,"PositionX":3791.145559728377,"PositionY":-439.1215114817721,"CellX":0,"CellY":0,"Angle":0,"Description":""},{"Id":37,"Name":"lactate","Type":"Default","ContainerId":4,"PositionX":3492.055684156378,"PositionY":-484.63541666666623,"CellX":0,"CellY":0,"Angle":0,"Description":""},{"Id":56,"Name":"B-oxidation","Type":"Default","ContainerId":55,"PositionX":4500.983719904856,"PositionY":72.65524012839558,"CellX":0,"CellY":0,"Angle":0,"Description":""},{"Id":64,"Name":"Glycogen","Type":"Constant","ContainerId":0,"PositionX":3630.1832609987964,"PositionY":-1203.487416643704,"CellX":0,"CellY":0,"Angle":0,"Description":""},{"Id":72,"Name":"pyruvate-kinase","Type":"Constant","ContainerId":0,"PositionX":4114.3448275862065,"PositionY":-461.5172413793105,"CellX":0,"CellY":0,"Angle":0,"Description":""},{"Id":103,"Name":"phosphoglucono-d-lactone-6","Type":"Default","ContainerId":102,"PositionX":4116.921724965707,"PositionY":-973.8543810013716,"CellX":0,"CellY":0,"Angle":0,"Description":""},{"Id":104,"Name":"phosphogluconate-6","Type":"Default","ContainerId":102,"PositionX":4256.277836103523,"PositionY":-974.3792847915839,"CellX":0,"CellY":0,"Angle":0,"Description":""},{"Id":105,"Name":"ribulose-5-phosphate","Type":"Default","ContainerId":102,"PositionX":4375.78438638886,"PositionY":-971.8229949459082,"CellX":0,"CellY":0,"Angle":0,"Description":""},{"Id":110,"Name":"xylulose-5-phosphate","Type":"Default","ContainerId":102,"PositionX":4173.198416119065,"PositionY":-909.8329661882735,"CellX":0,"CellY":0,"Angle":0,"Description":""},{"Id":111,"Name":"ribose-5-phosphate","Type":"Default","ContainerId":102,"PositionX":4330.410241628117,"PositionY":-914.306473418206,"CellX":0,"CellY":0,"Angle":0,"Description":""},{"Id":116,"Name":"sedoheptulose-7-phosphate","Type":"Default","ContainerId":102,"PositionX":4180.228213194672,"PositionY":-823.5581838967202,"CellX":0,"CellY":0,"Angle":0,"Description":""},{"Id":117,"Name":"glyceraldehyde-3-phosphate","Type":"Default","ContainerId":102,"PositionX":4335.522821319468,"PositionY":-828.0316911266525,"CellX":0,"CellY":0,"Angle":0,"Description":""},{"Id":126,"Name":"erythrose-4-phosphate","Type":"Default","ContainerId":102,"PositionX":4184.062647963186,"PositionY":-672.7370830018564,"CellX":0,"CellY":0,"Angle":0,"Description":""},{"Id":170,"Name":"oxaloacetate","Type":"Default","ContainerId":169,"PositionX":3742.540231825549,"PositionY":170.90051966770238,"CellX":0,"CellY":0,"Angle":0,"Description":""},{"Id":172,"Name":"citrate","Type":"Default","ContainerId":169,"PositionX":3816.4660124821494,"PositionY":270.3179488265782,"CellX":0,"CellY":0,"Angle":0,"Description":""},{"Id":175,"Name":"isocitrate","Type":"Default","ContainerId":169,"PositionX":3749.8672641242056,"PositionY":645.8361302614188,"CellX":0,"CellY":0,"Angle":0,"Description":""},{"Id":178,"Name":"a-ketoglutarate","Type":"Default","ContainerId":169,"PositionX":3572.877240901247,"PositionY":637.7911292058299,"CellX":0,"CellY":0,"Angle":0,"Description":""},{"Id":180,"Name":"succinyl-CoA","Type":"Default","ContainerId":169,"PositionX":3462.81379310345,"PositionY":467.92827586206784,"CellX":0,"CellY":0,"Angle":0,"Description":""},{"Id":182,"Name":"succinate","Type":"Default","ContainerId":169,"PositionX":3440.46419707358,"PositionY":339.145399782723,"CellX":0,"CellY":0,"Angle":0,"Description":""},{"Id":185,"Name":"fumarate","Type":"Default","ContainerId":169,"PositionX":3473.603340126539,"PositionY":229.53131122293684,"CellX":0,"CellY":0,"Angle":0,"Description":""},{"Id":187,"Name":"malate","Type":"Default","ContainerId":169,"PositionX":3596.8275862068963,"PositionY":152.5517241379308,"CellX":0,"CellY":0,"Angle":0,"Description":""},{"Id":197,"Name":"glutamate","Type":"Constant","ContainerId":0,"PositionX":3617.124746706987,"PositionY":883.1636614012945,"CellX":0,"CellY":0,"Angle":0,"Description":""},{"Id":200,"Name":"glycerol","Type":"Default","ContainerId":199,"PositionX":4831.013269785569,"PositionY":-236.37187457963512,"CellX":0,"CellY":0,"Angle":0,"Description":""},{"Id":201,"Name":"glycerol-P","Type":"Default","ContainerId":199,"PositionX":4924.083333333334,"PositionY":-304.13657407407436,"CellX":0,"CellY":0,"Angle":0,"Description":""},{"Id":203,"Name":"triacylglycerol","Type":"Default","ContainerId":199,"PositionX":4715.775851394782,"PositionY":-294.3170109757246,"CellX":0,"CellY":0,"Angle":0,"Description":""},{"Id":204,"Name":"fatty-acids","Type":"Default","ContainerId":199,"PositionX":4652.676250325564,"PositionY":-389.6302506780765,"CellX":0,"CellY":0,"Angle":0,"Description":""},{"Id":205,"Name":"fatty-acyl-CoA","Type":"Default","ContainerId":199,"PositionX":4595.4517087390195,"PositionY":-292.31396071270905,"CellX":0,"CellY":0,"Angle":0,"Description":""},{"Id":206,"Name":"malonyl-CoA","Type":"Default","ContainerId":199,"PositionX":4634.031388282877,"PositionY":-171.62880931910476,"CellX":0,"CellY":0,"Angle":0,"Description":""},{"Id":218,"Name":"acetoacetate","Type":"Default","ContainerId":55,"PositionX":4384.896397024299,"PositionY":129.86284305104357,"CellX":0,"CellY":0,"Angle":0,"Description":""},{"Id":221,"Name":"B-hydroxybutyrate","Type":"Default","ContainerId":55,"PositionX":4391.194009162684,"PositionY":211.73180085004537,"CellX":0,"CellY":0,"Angle":0,"Description":""},{"Id":232,"Name":"citrate-synthase","Type":"Constant","ContainerId":0,"PositionX":4035.0971292722734,"PositionY":122.07224372492635,"CellX":0,"CellY":0,"Angle":0,"Description":""},{"Id":234,"Name":"aconitase","Type":"Constant","ContainerId":0,"PositionX":4046.3799001002394,"PositionY":633.0497546792542,"CellX":0,"CellY":0,"Angle":0,"Description":""},{"Id":237,"Name":"palmitate","Type":"Default","ContainerId":199,"PositionX":4797.998073617005,"PositionY":-181.53923319794671,"CellX":0,"CellY":0,"Angle":0,"Description":""},{"Id":239,"Name":"palmitoyl-CoA","Type":"Default","ContainerId":199,"PositionX":4889.109184728115,"PositionY":-183.76145542016894,"CellX":0,"CellY":0,"Angle":0,"Description":""},{"Id":243,"Name":"acetyl-CoA-carboxylase","Type":"Constant","ContainerId":0,"PositionX":4415.413204201021,"PositionY":-258.68039393088486,"CellX":0,"CellY":0,"Angle":0,"Description":""},{"Id":254,"Name":"pyruvate-dehydrogenase","Type":"Constant","ContainerId":0,"PositionX":3840.3863149803715,"PositionY":-233.66870508552077,"CellX":0,"CellY":0,"Angle":0,"Description":""},{"Id":263,"Name":"lactate-dehydrogenase","Type":"Constant","ContainerId":0,"PositionX":3566.242431767658,"PositionY":-136.31016350535467,"CellX":0,"CellY":0,"Angle":0,"Description":""},{"Id":270,"Name":"propionyl-CoA","Type":"Constant","ContainerId":0,"PositionX":4713.081379310346,"PositionY":769.9806896551714,"CellX":0,"CellY":0,"Angle":0,"Description":""},{"Id":272,"Name":"methylmalonyl-CoA","Type":"Constant","ContainerId":0,"PositionX":3416.932413793105,"PositionY":957.3296551724137,"CellX":0,"CellY":0,"Angle":0,"Description":""},{"Id":279,"Name":"acetoacetyl-CoA","Type":"Default","ContainerId":55,"PositionX":4503.205942127079,"PositionY":132.09968457284003,"CellX":0,"CellY":0,"Angle":0,"Description":""},{"Id":291,"Name":"cis-aconitate","Type":"Default","ContainerId":169,"PositionX":3852.805517241381,"PositionY":452.6344827586196,"CellX":0,"CellY":0,"Angle":0,"Description":""},{"Id":297,"Name":"NO","Type":"Constant","ContainerId":0,"PositionX":4153.75149724733,"PositionY":623.964465689885,"CellX":0,"CellY":0,"Angle":0,"Description":""},{"Id":300,"Name":"Respiratory-Chain","Type":"Default","ContainerId":299,"PositionX":4140.293255920353,"PositionY":359.9794978536787,"CellX":0,"CellY":0,"Angle":0,"Description":""},{"Id":301,"Name":"Complex II/III","Type":"Default","ContainerId":299,"PositionX":4194.293255920353,"PositionY":419.9794978536787,"CellX":0,"CellY":0,"Angle":0,"Description":""},{"Id":315,"Name":"triacylglycerol","Type":"Default","ContainerId":199,"PositionX":4719.109184728115,"PositionY":-178.20589986461334,"CellX":0,"CellY":0,"Angle":0,"Description":""},{"Id":348,"Name":"inh","Type":"Constant","ContainerId":0,"PositionX":3689.900158459868,"PositionY":-176.05728994213635,"CellX":0,"CellY":0,"Angle":0,"Description":""},{"Id":367,"Name":"fumarase","Type":"Constant","ContainerId":0,"PositionX":3330.963928925857,"PositionY":-51.390706145442785,"CellX":0,"CellY":0,"Angle":0,"Description":""},{"Id":372,"Name":"aspartate","Type":"Constant","ContainerId":0,"PositionX":3464.6664419847716,"PositionY":-61.232258013655944,"CellX":0,"CellY":0,"Angle":0,"Description":""},{"Id":377,"Name":"InhSucFum","Type":"Default","ContainerId":398,"PositionX":3128.547668038412,"PositionY":325.1981378994983,"CellX":0,"CellY":0,"Angle":0,"Description":""},{"Id":378,"Name":"PHD2","Type":"Default","ContainerId":398,"PositionX":3022.5553308736608,"PositionY":451.0640382826404,"CellX":0,"CellY":0,"Angle":0,"Description":""},{"Id":379,"Name":"HIFAlpha","Type":"Default","ContainerId":398,"PositionX":3013.7226361099315,"PositionY":294.2837062264459,"CellX":0,"CellY":0,"Angle":0,"Description":""},{"Id":384,"Name":"O2","Type":"Constant","ContainerId":0,"PositionX":2658.206671869829,"PositionY":444.4395172098435,"CellX":0,"CellY":0,"Angle":0,"Description":""},{"Id":392,"Name":"ExtGlu","Type":"Constant","ContainerId":0,"PositionX":4039.6436745386504,"PositionY":51.60079209607992,"CellX":0,"CellY":0,"Angle":0,"Description":""},{"Id":399,"Name":"ALA","Type":"Default","ContainerId":398,"PositionX":3106.160470176439,"PositionY":416.329864560171,"CellX":0,"CellY":0,"Angle":0,"Description":""},{"Id":400,"Name":"Heme","Type":"Default","ContainerId":398,"PositionX":2898.897604181451,"PositionY":406.9005644639941,"CellX":0,"CellY":0,"Angle":0,"Description":""},{"Id":401,"Name":"HO","Type":"Default","ContainerId":398,"PositionX":2885.3431010832073,"PositionY":257.34135881304405,"CellX":0,"CellY":0,"Angle":0,"Description":""},{"Id":402,"Name":"Bilirubin","Type":"Default","ContainerId":398,"PositionX":3079.967846837901,"PositionY":232.45484288034098,"CellX":0,"CellY":0,"Angle":0,"Description":""},{"Id":413,"Name":"FADH?","Type":"Default","ContainerId":169,"PositionX":3560.8097393178637,"PositionY":372.3060943713927,"CellX":0,"CellY":0,"Angle":0,"Description":""},{"Id":414,"Name":"NADH?","Type":"Default","ContainerId":169,"PositionX":3711.3379310344844,"PositionY":464.1048275862058,"CellX":0,"CellY":0,"Angle":0,"Description":""},{"Id":425,"Name":"mevalonate-pathway","Type":"Default","ContainerId":55,"PositionX":4505.428164349301,"PositionY":208.76635123950678,"CellX":0,"CellY":0,"Angle":0,"Description":""},{"Id":427,"Name":"cholesterol","Type":"Default","ContainerId":55,"PositionX":4508.761497682634,"PositionY":291.5441290172846,"CellX":0,"CellY":0,"Angle":0,"Description":""},{"Id":432,"Name":"PPP","Type":"Default","ContainerId":102,"PositionX":4435.886973180077,"PositionY":-895.7176245210743,"CellX":0,"CellY":0,"Angle":0,"Description":""},{"Id":438,"Name":"phosphofructokinase-1","Type":"Constant","ContainerId":0,"PositionX":3809.689655172413,"PositionY":-1191.4551724137953,"CellX":0,"CellY":0,"Angle":0,"Description":""},{"Id":462,"Name":"Glucose-1-P","Type":"Constant","ContainerId":0,"PositionX":3722.9610387765742,"PositionY":-1205.1540833103704,"CellX":0,"CellY":0,"Angle":0,"Description":""},{"Id":469,"Name":"Glycolysis","Type":"Default","ContainerId":4,"PositionX":3611.7901234567917,"PositionY":-571.8633461047269,"CellX":0,"CellY":0,"Angle":0,"Description":""},{"Id":475,"Name":"FA-synthesis","Type":"Default","ContainerId":199,"PositionX":4905.320361227237,"PositionY":-395.20328253620164,"CellX":0,"CellY":0,"Angle":0,"Description":""},{"Id":482,"Name":"TCA","Type":"Default","ContainerId":169,"PositionX":3689.529756207288,"PositionY":311.96858645447514,"CellX":0,"CellY":0,"Angle":0,"Description":""},{"Id":490,"Name":"Hexokinase","Type":"Constant","ContainerId":0,"PositionX":3110.823142028557,"PositionY":-588.5638003444004,"CellX":0,"CellY":0,"Angle":0,"Description":""},{"Id":493,"Name":"AOX","Type":"Constant","ContainerId":0,"PositionX":4069.1962187701024,"PositionY":203.91005851971576,"CellX":0,"CellY":0,"Angle":0,"Description":""},{"Id":494,"Name":"AA","Type":"Constant","ContainerId":0,"PositionX":4153.30730619808,"PositionY":167.53769638869827,"CellX":0,"CellY":0,"Angle":0,"Description":""},{"Id":499,"Name":"AA-biosynthesis","Type":"Constant","ContainerId":0,"PositionX":4148.760760931703,"PositionY":81.15333632753165,"CellX":0,"CellY":0,"Angle":0,"Description":""},{"Id":504,"Name":"KEAP1","Type":"Default","ContainerId":398,"PositionX":3092.911428030845,"PositionY":142.51632688456357,"CellX":0,"CellY":0,"Angle":0,"Description":""},{"Id":505,"Name":"NRF2","Type":"Default","ContainerId":398,"PositionX":3003.2934756964714,"PositionY":139.88185199857253,"CellX":0,"CellY":0,"Angle":0,"Description":""},{"Id":513,"Name":"ROS","Type":"Constant","ContainerId":0,"PositionX":3061.0240163367403,"PositionY":-152.16676535808222,"CellX":0,"CellY":0,"Angle":0,"Description":""},{"Id":516,"Name":"Proliferation","Type":"Default","ContainerId":515,"PositionX":2903.031077054066,"PositionY":-434.03873988931593,"CellX":0,"CellY":0,"Angle":0,"Description":""},{"Id":517,"Name":"Death","Type":"Default","ContainerId":515,"PositionX":2908.6185610898256,"PositionY":-361.4014474244372,"CellX":0,"CellY":0,"Angle":0,"Description":""},{"Id":522,"Name":"glucose-6-phosphate-dehydrogenase","Type":"Constant","ContainerId":0,"PositionX":3944.986590038314,"PositionY":-1169.903448275864,"CellX":0,"CellY":0,"Angle":0,"Description":""},{"Id":523,"Name":"NADPH","Type":"Default","ContainerId":102,"PositionX":4198.818007662835,"PositionY":-1031.014559386975,"CellX":0,"CellY":0,"Angle":0,"Description":""},{"Id":528,"Name":"reducedGlutathione","Type":"Default","ContainerId":102,"PositionX":4265.867816091954,"PositionY":-1065.7367816091974,"CellX":0,"CellY":0,"Angle":0,"Description":""},{"Id":529,"Name":"oxidisedGlutathione","Type":"Default","ContainerId":102,"PositionX":4269.459770114942,"PositionY":-1017.8440613026837,"CellX":0,"CellY":0,"Angle":0,"Description":""}],"Containers":[{"Id":4,"Name":"Glycolysis","Size":3,"PositionX":13,"PositionY":-4},{"Id":55,"Name":"C-Ba-VitD-SH","Size":2,"PositionX":17,"PositionY":0},{"Id":102,"Name":"PPP","Size":2,"PositionX":16,"PositionY":-4},{"Id":169,"Name":"TCA","Size":3,"PositionX":13,"PositionY":0},{"Id":199,"Name":"FAS","Size":2,"PositionX":18,"PositionY":-2},{"Id":299,"Name":"C6","Size":1,"PositionX":16,"PositionY":1},{"Id":398,"Name":"HemeOxygenase","Size":2,"PositionX":11,"PositionY":0},{"Id":515,"Name":"Phenotype","Size":1,"PositionX":11,"PositionY":-2}]},"ltl":{"states":[],"operations":[]}}